HThreadedSelectorServerArgs.java; org.apache.hadoop.hbase.thrift;
TableDeleteFamilyHandler.java; org.apache.hadoop.hbase.master.handler;
HBasePolicyProvider.java; org.apache.hadoop.hbase.security;
AbstractClientScanner.java; org.apache.hadoop.hbase.client;
ReusableStreamGzipCodec.java; org.apache.hadoop.hbase.io.hfile;
HMerge.java; org.apache.hadoop.hbase.util;
ProtobufMessageBodyConsumer.java; org.apache.hadoop.hbase.rest.provider.consumer;
ModifyTableHandler.java; org.apache.hadoop.hbase.master.handler;
AuthenticationTokenSelector.java; org.apache.hadoop.hbase.security.token;
TestSlab.java; org.apache.hadoop.hbase.io.hfile.slab;
UnAssignCallable.java; org.apache.hadoop.hbase.master;
TestMiniClusterLoadParallel.java; org.apache.hadoop.hbase.util;
DataOutputOutputStream.java; org.apache.hadoop.hbase.io;
HTableFactory.java; org.apache.hadoop.hbase.client;
IdentityTableMap.java; org.apache.hadoop.hbase.mapred;
ProtoUtil.java; org.apache.hadoop.hbase.util;
GZIPRequestStream.java; org.apache.hadoop.hbase.rest.filter;
TsvImporterCustomTestMapper.java; org.apache.hadoop.hbase.mapreduce;
FSHDFSUtils.java; org.apache.hadoop.hbase.util;
ProtobufMessageBodyProducer.java; org.apache.hadoop.hbase.rest.provider.producer;
