AbstractClientScanner.java; org.apache.hadoop.hbase.client;
Batch.java; org.apache.hadoop.hbase.client.coprocessor;
CoprocessorHost.java; org.apache.hadoop.hbase.coprocessor;
TableMapper.java; org.apache.hadoop.hbase.mapreduce;
ThreadMonitoring.java; org.apache.hadoop.hbase.monitoring;
LogMonitoring.java; org.apache.hadoop.hbase.monitoring;
RegionSplitPolicy.java; org.apache.hadoop.hbase.regionserver;
ProtoUtil.java; org.apache.hadoop.hbase.util;
JvmVersion.java; org.apache.hadoop.hbase.util;
AbstractHBaseTool.java; org.apache.hadoop.hbase.util;
