TreeCache.java; org.jboss.cache;
JmsManagedConnection.java; org.jboss.resource.adapter.jms;
CorbaORBService.java; org.jboss.iiop;
ValueAnalysis.java; org.jboss.iiop.rmi;
IIOPInvoker.java; org.jboss.invocation.iiop;
IORFactory.java; org.jboss.proxy.ejb;
StandardMetaData.java; org.jboss.mx.metadata;
XMLMetaData.java; org.jboss.mx.metadata;
SpyConnectionConsumer.java; org.jboss.mq;
SpySession.java; org.jboss.mq;
SpyMessageConsumer.java; org.jboss.mq;
OILClientILService.java; org.jboss.mq.il.oil;
UILClientILService.java; org.jboss.mq.il.uil;
UILServerILService.java; org.jboss.mq.il.uil;
UILServerIL.java; org.jboss.mq.il.uil2;
PersistenceManager.java; org.jboss.mq.pm.jdbc2;
DestinationManager.java; org.jboss.mq.server.jmx;
Main.java; org.jnp.client;
LoginContext.java; javax.security.auth.login;
SRPLoginModule.java; org.jboss.security.srp.jaas;
Container.java; org.jboss.ejb;
JDBCStartCommand.java; org.jboss.ejb.plugins.cmp.jdbc;
JDBCQueryManager.java; org.jboss.ejb.plugins.cmp.jdbc;
JDBCEntityBridge.java; org.jboss.ejb.plugins.cmp.jdbc.bridge;
JDBCCMRFieldBridge.java; org.jboss.ejb.plugins.cmp.jdbc.bridge;
JDBCCMRFieldBridge2.java; org.jboss.ejb.plugins.cmp.jdbc2.bridge;
EntityTable.java; org.jboss.ejb.plugins.cmp.jdbc2.schema;
JMSContainerInvoker.java; org.jboss.ejb.plugins.jms;
ProxyCompiler.java; org.jboss.proxy.compiler;
ProxyAssembler.java; org.jboss.proxy.compiler;
ProxyFactory.java; org.jboss.proxy.ejb;
WebServer.java; org.jboss.web;
HttpURLDeploymentScanner.java; org.jboss.deployment.scanner;
URLDeploymentScanner.java; org.jboss.deployment.scanner;
ServerImpl.java; org.jboss.system.server;
SingleSignOnContextConfig.java; org.jboss.web.tomcat.tc4;
Tomcat5.java; org.jboss.web.tomcat.tc5;
TransactionImpl.java; org.jboss.tm;
Scheduler.java; org.jboss.varia.scheduler;
StatisticsCollector.java; org.jboss.varia.stats;
