TreeCacheView.java; org.jboss.cache;
TreeCacheView2.java; org.jboss.cache;
TreeCache.java; org.jboss.cache;
JDBCCacheLoader.java; org.jboss.cache.loader;
CacheImpl.java; org.jboss.cache;
EJBQLToSQL92Compiler.java; org.jboss.ejb.plugins.cmp.jdbc;
JDBCEJBQLCompiler.java; org.jboss.ejb.plugins.cmp.jdbc;
JDBCAbstractQueryCommand.java; org.jboss.ejb.plugins.cmp.jdbc;
JDBCStartCommand.java; org.jboss.ejb.plugins.cmp.jdbc;
JDBCEntityBridge.java; org.jboss.ejb.plugins.cmp.jdbc.bridge;
JDBCCMRFieldBridge.java; org.jboss.ejb.plugins.cmp.jdbc.bridge;
JDBCEntityMetaData.java; org.jboss.ejb.plugins.cmp.jdbc.metadata;
JDBCCMRFieldBridge2.java; org.jboss.ejb.plugins.cmp.jdbc2.bridge;
EntityTable.java; org.jboss.ejb.plugins.cmp.jdbc2.schema;
EJBVerifier20.java; org.jboss.verifier.strategy;
AbstractVerifier.java; org.jboss.verifier.strategy;
