WeblogicDeploymentTool.java; org.apache.tools.ant.taskdefs.optional.ejb;	GenericDeploymentTool.java; org.apache.tools.ant.taskdefs.optional.ejb;	
JonasDeploymentTool.java; org.apache.tools.ant.taskdefs.optional.ejb;	GenericDeploymentTool.java; org.apache.tools.ant.taskdefs.optional.ejb;	
IPlanetDeploymentTool.java; org.apache.tools.ant.taskdefs.optional.ejb;	GenericDeploymentTool.java; org.apache.tools.ant.taskdefs.optional.ejb;	
BorlandDeploymentTool.java; org.apache.tools.ant.taskdefs.optional.ejb;	GenericDeploymentTool.java; org.apache.tools.ant.taskdefs.optional.ejb;	
WebsphereDeploymentTool.java; org.apache.tools.ant.taskdefs.optional.ejb;	GenericDeploymentTool.java; org.apache.tools.ant.taskdefs.optional.ejb;	
