Constants.java; net.sourceforge.atunes;
FontSingleton.java; net.sourceforge.atunes.gui;
ColorDefinitions.java; net.sourceforge.atunes.gui;
ScrollBarUI.java; net.sourceforge.atunes.gui.gradientlnf;
Colors.java; net.sourceforge.atunes.gui.gradientlnf;
Resources.java; net.sourceforge.atunes.gui.gradientlnf.resources;
ImageLoader.java; net.sourceforge.atunes.gui.images;
FleaxScrollBarUI.java; net.sourceforge.atunes.gui.swing.fleaxLaF;
FleaxImages.java; net.sourceforge.atunes.gui.swing.fleaxLaF.images;
RendererSingleton.java; net.sourceforge.atunes.gui.views;
NavigationControllerViews.java; net.sourceforge.atunes.kernel.controllers.navigation;
SearchFactory.java; net.sourceforge.atunes.kernel.modules.search;
