BDBMessageStore.java; org.apache.qpid.server.store.berkeleydb;
AMQChannel.java; org.apache.qpid.server;
SimpleAMQQueue.java; org.apache.qpid.server.queue;
DerbyMessageStore.java; org.apache.qpid.server.store;
Subscription_0_10.java; org.apache.qpid.server.subscription;
ServerSessionDelegate.java; org.apache.qpid.server.transport;
ServerSession.java; org.apache.qpid.server.transport;
AMQSession_0_10.java; org.apache.qpid.client;
AMQMessageDelegate_0_10.java; org.apache.qpid.client.message;
Session.java; org.apache.qpid.transport;
