DatabaseVisitor.java; org.apache.qpid.server.store.berkeleydb;
TupleBindingFactory.java; org.apache.qpid.server.store.berkeleydb.tuples;
QMFObject.java; org.apache.qpid.qmf;
QMFObjectClass.java; org.apache.qpid.qmf;
QMFEventClass.java; org.apache.qpid.qmf;
QMFMethod.java; org.apache.qpid.qmf;
QMFEventCommand.java; org.apache.qpid.qmf;
ConfigObjectType.java; org.apache.qpid.server.configuration;
AbstractExchangeMBean.java; org.apache.qpid.server.exchange;
DefaultManagedObject.java; org.apache.qpid.server.management;
MessageReference.java; org.apache.qpid.server.message;
AbstractServerMessageImpl.java; org.apache.qpid.server.message;
ApplicationRegistry.java; org.apache.qpid.server.registry;
AbstractPasswordFilePrincipalDatabase.java; org.apache.qpid.server.security.auth.database;
SignalHandlerTask.java; org.apache.qpid.server.signal;
AbstractMessageStore.java; org.apache.qpid.server.store;
SubscriptionImpl.java; org.apache.qpid.server.subscription;
HouseKeepingTask.java; org.apache.qpid.server.virtualhost;
VirtualHostHouseKeepingPlugin.java; org.apache.qpid.server.virtualhost.plugins;
AMQSession.java; org.apache.qpid.client;
AMQSessionAdapter.java; org.apache.qpid.client;
BasicMessageConsumer.java; org.apache.qpid.client;
AMQAnyDestination.java; org.apache.qpid.client;
Node.java; org.apache.qpid.client.messaging.address;
QpidProperty.java; org.apache.qpid.configuration;
UnaryExpression.java; org.apache.qpid.filter;
ComparisonExpression.java; org.apache.qpid.filter;
LogicExpression.java; org.apache.qpid.filter;
ArithmeticExpression.java; org.apache.qpid.filter;
AMQMethodBodyImpl.java; org.apache.qpid.framing;
AMQMethodBody_0_9.java; org.apache.qpid.framing.amqp_0_9;
AMQMethodBody_0_91.java; org.apache.qpid.framing.amqp_0_91;
AMQMethodBody_8_0.java; org.apache.qpid.framing.amqp_8_0;
Method.java; org.apache.qpid.transport;
Struct.java; org.apache.qpid.transport;
Field.java; org.apache.qpid.transport;
Range.java; org.apache.qpid.transport;
ConnectionBinding.java; org.apache.qpid.transport.network;
