Utils.java; org.apache.qpid.gentools;
LogSubjectFormat.java; org.apache.qpid.server.logging.subjects;
AMQQueueFactory.java; org.apache.qpid.server.queue;
QpidQueueOptions.java; org.apache.qpid.client.messaging.address;
BrokerDetails.java; org.apache.qpid.jms;
ConnectionURL.java; org.apache.qpid.jms;
FailoverMethod.java; org.apache.qpid.jms.failover;
ClientProperties.java; org.apache.qpid.configuration;
ExchangeDefaults.java; org.apache.qpid.exchange;
BindingURL.java; org.apache.qpid.url;
QpidRAConnectionFactory.java; org.apache.qpid.ra;
Constants.java; org.apache.qpid.management.common.sasl;
