TreeNodeFactory.java; org.jboss.console.plugins.helpers;
AttrResultInfo.java; org.jboss.console.plugins.helpers.jmx;
RemoteMBeanInvocation.java; org.jboss.console.remote;
WarConfigBeanRoot.java; org.jboss.deployment.spi.beans;
PrimitiveAnalysis.java; org.jboss.iiop.rmi;
RemotingInterceptorFactory.java; org.jboss.aspects.remoting.interceptors.invoker;
ServerILFactory.java; org.jboss.mq.il;
BasicQueueParameters.java; org.jboss.mq.server;
NotificationConstants.java; org.jboss.management.j2ee;
StateManageable.java; org.jboss.management.j2ee;
J2EETypeConstants.java; org.jboss.management.j2ee;
StatisticsConstants.java; org.jboss.management.j2ee;
JMSCacheInvalidationBridgeMBean.java; org.jboss.cache.invalidation.bridges;
AllowedOperationsFlags.java; org.jboss.ejb;
EJBQLTypes.java; org.jboss.ejb.plugins.cmp.ejbql;
ASTPath.java; org.jboss.ejb.plugins.cmp.ejbql;
JDBCResultSetReader.java; org.jboss.ejb.plugins.cmp.jdbc;
Invocation.java; org.jboss.invocation;
OpResultInfo.java; org.jboss.jmx.adaptor.control;
NotificationWrapper.java; org.jboss.jmx.adaptor.snmp.agent;
Alarm.java; org.jboss.monitor.alarm;
