recover; RecoverySource.java; org.elasticsearch.indices.recovery; 201;
allocateUnassigned; LocalGatewayAllocator.java; org.elasticsearch.gateway.local; 247;
serializeValue; ObjectMapper.java; org.elasticsearch.index.mapper.object; 194;
createIndex; MetaDataCreateIndexService.java; org.elasticsearch.cluster.metadata; 233;
parse; QueryStringQueryParser.java; org.elasticsearch.index.query; 159;
putMapping; MetaDataMappingService.java; org.elasticsearch.cluster.metadata; 155;
downloadAndExtract; PluginManager.java; org.elasticsearch.plugins; 170;
innerExecute; TransportMasterNodeOperationAction.java; org.elasticsearch.action.support.master; 153;
doSnapshot; BlobStoreIndexShardGateway.java; org.elasticsearch.index.gateway.blobstore; 190;
mainSort; CBZip2OutputStream.java; org.elasticsearch.common.compress.bzip2; 164;
hbMakeCodeLengths; CBZip2OutputStream.java; org.elasticsearch.common.compress.bzip2; 160;
mainSimpleSort; CBZip2OutputStream.java; org.elasticsearch.common.compress.bzip2; 197;
innerGet; ShardGetService.java; org.elasticsearch.index.get; 231;
checkPermission; ForkJoinPool.java; jsr166y; 349;
parse; MatchQuery.java; org.elasticsearch.index.search; 241;
AnalysisService; AnalysisService.java; org.elasticsearch.index.analysis; 191;
configure; AnalysisModule.java; org.elasticsearch.index.analysis; 255;
toXContent; IndicesStatusResponse.java; org.elasticsearch.action.admin.indices.status; 176;
parse; GeoDistanceRangeFilterParser.java; org.elasticsearch.index.query; 194;
getAndMoveToFrontDecode; CBZip2InputStream.java; org.elasticsearch.common.compress.bzip2; 185;
execute; FetchPhase.java; org.elasticsearch.search.fetch; 173;
allocateUnassigned; BlobReuseExistingGatewayAllocator.java; org.elasticsearch.gateway.blobstore; 165;
toXContent; ClusterState.java; org.elasticsearch.cluster; 196;
toXContent; SearchSourceBuilder.java; org.elasticsearch.search.builder; 159;
parse; TermsFilterParser.java; org.elasticsearch.index.query; 156;
clusterChanged; LocalGatewayMetaState.java; org.elasticsearch.gateway.local.state.meta; 152;
hitExecute; HighlightPhase.java; org.elasticsearch.search.highlight; 242;
