HAPartitionImpl.java; org.jboss.ha.framework.server;
EjbModule.java; org.jboss.ejb;
JDBCAbstractQueryCommand.java; org.jboss.ejb.plugins.cmp.jdbc;
JDBCEJBQLCompiler.java; org.jboss.ejb.plugins.cmp.jdbc;
EJBQLToSQL92Compiler.java; org.jboss.ejb.plugins.cmp.jdbc;
JDBCStartCommand.java; org.jboss.ejb.plugins.cmp.jdbc;
JDBCEntityBridge.java; org.jboss.ejb.plugins.cmp.jdbc.bridge;
JDBCCMRFieldBridge.java; org.jboss.ejb.plugins.cmp.jdbc.bridge;
JDBCEntityMetaData.java; org.jboss.ejb.plugins.cmp.jdbc.metadata;
JDBCCMRFieldBridge2.java; org.jboss.ejb.plugins.cmp.jdbc2.bridge;
EntityTable.java; org.jboss.ejb.plugins.cmp.jdbc2.schema;
