AsynchronousConstants.java; org.jboss.aspects.asynchronous;
ClusterConstants.java; org.jboss.aspects.remoting;
GenericClusteringException.java; org.jboss.ha.framework.interfaces;
TreeNodeFactory.java; org.jboss.console.plugins.helpers;
AttrResultInfo.java; org.jboss.console.plugins.helpers.jmx;
WarConfigBeanRoot.java; org.jboss.deployment.spi.beans;
PrimitiveAnalysis.java; org.jboss.iiop.rmi;
WorkException.java; javax.resource.spi.work;
Status.java; javax.transaction;
XAResource.java; javax.transaction.xa;
XAException.java; javax.transaction.xa;
FindQualifier.java; javax.xml.registry;
LifeCycleManager.java; javax.xml.registry;
JAXRResponse.java; javax.xml.registry;
Slot.java; javax.xml.registry.infomodel;
RegistryEntry.java; javax.xml.registry.infomodel;
AuditableEvent.java; javax.xml.registry.infomodel;
UserDataHandler.java; org.w3c.dom;
TypeInfo.java; org.w3c.dom;
Query.java; javax.management;
RoleStatus.java; javax.management.relation;
StatisticsConstants.java; org.jboss.management.j2ee;
NotificationConstants.java; org.jboss.management.j2ee;
J2EETypeConstants.java; org.jboss.management.j2ee;
StateManageable.java; org.jboss.management.j2ee;
ServerILFactory.java; org.jboss.mq.il;
BasicQueueParameters.java; org.jboss.mq.server;
JMSCacheInvalidationBridgeMBean.java; org.jboss.cache.invalidation.bridges;
AllowedOperationsFlags.java; org.jboss.ejb;
ASTPath.java; org.jboss.ejb.plugins.cmp.ejbql;
EJBQLTypes.java; org.jboss.ejb.plugins.cmp.ejbql;
JDBCResultSetReader.java; org.jboss.ejb.plugins.cmp.jdbc;
Invocation.java; org.jboss.invocation;
SubDeployer.java; org.jboss.deployment;
ServiceMBean.java; org.jboss.system;
ListenerServiceMBean.java; org.jboss.system;
OpResultInfo.java; org.jboss.jmx.adaptor.control;
NotificationWrapper.java; org.jboss.jmx.adaptor.snmp.agent;
Alarm.java; org.jboss.monitor.alarm;
