CommonJoinOperator.java; org.apache.hadoop.hive.ql.exec;
Task.java; org.apache.hadoop.hive.ql.exec;
TerminalOperator.java; org.apache.hadoop.hive.ql.exec;
Operator.java; org.apache.hadoop.hive.ql.exec;
GenericUDAFEvaluator.java; org.apache.hadoop.hive.ql.udf.generic;
TupleBrowser.java; org.apache.hadoop.hive.ql.util.jdbm.helper;
FastIterator.java; org.apache.hadoop.hive.ql.util.jdbm.helper;
TypedSerDe.java; org.apache.hadoop.hive.serde2;
ByteStreamTypedSerDe.java; org.apache.hadoop.hive.serde2;
LazyPrimitive.java; org.apache.hadoop.hive.serde2.lazy;
LazyNonPrimitive.java; org.apache.hadoop.hive.serde2.lazy;
LazyObject.java; org.apache.hadoop.hive.serde2.lazy;
AbstractPrimitiveLazyObjectInspector.java; org.apache.hadoop.hive.serde2.lazy.objectinspector.primitive;
LazyBinaryObject.java; org.apache.hadoop.hive.serde2.lazybinary;
LazyBinaryNonPrimitive.java; org.apache.hadoop.hive.serde2.lazybinary;
LazyBinaryPrimitive.java; org.apache.hadoop.hive.serde2.lazybinary;
ShimLoader.java; org.apache.hadoop.hive.shims;
