DirectoryScanner.java; org.apache.tools.ant;
Checksum.java; org.apache.tools.ant.taskdefs;
Tar.java; org.apache.tools.ant.taskdefs;
PathConvert.java; org.apache.tools.ant.taskdefs;
Parallel.java; org.apache.tools.ant.taskdefs;
GenerateKey.java; org.apache.tools.ant.taskdefs;
Delete.java; org.apache.tools.ant.taskdefs;
SQLExec.java; org.apache.tools.ant.taskdefs;
Redirector.java; org.apache.tools.ant.taskdefs;
Javadoc.java; org.apache.tools.ant.taskdefs;
Java.java; org.apache.tools.ant.taskdefs;
Ant.java; org.apache.tools.ant.taskdefs;
Concat.java; org.apache.tools.ant.taskdefs;
Zip.java; org.apache.tools.ant.taskdefs;
DependSet.java; org.apache.tools.ant.taskdefs;
Get.java; org.apache.tools.ant.taskdefs;
LoadProperties.java; org.apache.tools.ant.taskdefs;
EmailTask.java; org.apache.tools.ant.taskdefs.email;
MimeMailer.java; org.apache.tools.ant.taskdefs.email;
Cab.java; org.apache.tools.ant.taskdefs.optional;
NetRexxC.java; org.apache.tools.ant.taskdefs.optional;
IContract.java; org.apache.tools.ant.taskdefs.optional;
EchoProperties.java; org.apache.tools.ant.taskdefs.optional;
Depend.java; org.apache.tools.ant.taskdefs.optional.depend;
Translate.java; org.apache.tools.ant.taskdefs.optional.i18n;
Pvcs.java; org.apache.tools.ant.taskdefs.optional.pvcs;
SplashTask.java; org.apache.tools.ant.taskdefs.optional.splash;
SSHExec.java; org.apache.tools.ant.taskdefs.optional.ssh;
Symlink.java; org.apache.tools.ant.taskdefs.optional.unix;
ModifiedSelector.java; org.apache.tools.ant.types.selectors.modifiedselector;
CBZip2OutputStream.java; org.apache.tools.bzip2;
CBZip2InputStream.java; org.apache.tools.bzip2;
