Routine.java; org.hsqldb;
SchemaManager.java; org.hsqldb;
FunctionSQL.java; org.hsqldb;
QuerySpecification.java; org.hsqldb;
ParserDQL.java; org.hsqldb;
TableBase.java; org.hsqldb;
Scanner.java; org.hsqldb;
Token.java; org.hsqldb;
FunctionCustom.java; org.hsqldb;
SqlFile.java; org.hsqldb.cmdline;
SqlFileScanner.java; org.hsqldb.cmdline.sqltool;
JDBCPreparedStatement.java; org.hsqldb.jdbc;
ManagedPoolDataSource.java; org.hsqldb.jdbc.pool;
TarReader.java; org.hsqldb.lib.tar;
DbBackup.java; org.hsqldb.lib.tar;
DataFileDefrag.java; org.hsqldb.persist;
Logger.java; org.hsqldb.persist;
LockFile.java; org.hsqldb.persist;
Grantee.java; org.hsqldb.rights;
ServerAcl.java; org.hsqldb.server;
TransferTable.java; org.hsqldb.util;
Transfer.java; org.hsqldb.util;
DatabaseManager.java; org.hsqldb.util;
ConnectionDialog.java; org.hsqldb.util;
DatabaseManagerSwing.java; org.hsqldb.util;
ConnectionDialogSwing.java; org.hsqldb.util;
Tokenizer.java; org.hsqldb.util.preprocessor;
