Logout.java; mailreader2;
ShowDynamicTreeAction.java; org.apache.struts2.showcase;
CustomFreemarkerManagerUtil.java; org.apache.struts2.showcase.freemarker;
EditGangsterAction.java; org.apache.struts2.showcase.integration;
OptGroup.java; org.apache.struts2.components;
DefaultSettings.java; org.apache.struts2.config;
ValueStackAdapter.java; org.apache.struts2.impl;
IteratorFilterSupport.java; org.apache.struts2.util;
AbstractRequiredListTag.java; org.apache.struts2.views.jsp.ui;
ExecuteAndWaitDelayAction.java; org.apache.struts2.interceptor;
StrutsMockBodyContent.java; org.apache.struts2.views.jsp;
DateTimePickerTagTest.java; org.apache.struts2.views.jsp.ui;
DivTest.java; org.apache.struts2.views.jsp.ui;
PasswordTest.java; org.apache.struts2.views.jsp.ui;
PlexusThreadLocal.java; org.apache.struts2.plexus;
ConfiguredServletContext.java; org.apache.struts2.tiles;
