JDBCCMRFieldBridge2.java; org.jboss.ejb.plugins.cmp.jdbc2.bridge; 1782;
JDBCCMRFieldBridge.java; org.jboss.ejb.plugins.cmp.jdbc.bridge; 2387;
EntityTable.java; org.jboss.ejb.plugins.cmp.jdbc2.schema; 1810;
MBeanServerImpl.java; org.jboss.mx.server; 1729;
Call.java; org.jboss.axis.client; 3288;
JDBCEJBQLCompiler.java; org.jboss.ejb.plugins.cmp.jdbc; 1946;
TransactionImpl.java; org.jboss.tm; 2286;
tcpmon.java; org.jboss.axis.utils; 2383;
SerializationContextImpl.java; org.jboss.axis.encoding; 1633;
SymbolTable.java; org.jboss.axis.wsdl.symbolTable; 3125;
SimpleTypeBindings.java; org.jboss.xb.binding; 2132;
SOAPElementAxisImpl.java; org.jboss.axis.message; 2118;
JavaUtils.java; org.jboss.axis.utils; 1701;
TypeBinding.java; org.jboss.xml.binding; 1685;
PersistenceManager.java; org.jboss.mq.pm.jdbc2; 1705;
Emitter.java; org.jboss.axis.wsdl.fromJava; 2361;
