CallerInvocation.java; org.jboss.aop.joinpoint;
Proxy.java; org.jboss.aop.proxy;
VersionManager.java; org.jboss.aspects.versioned;
AbstractNestedThrowable.java; org.jboss.util;
WeakClassCache.java; org.jboss.util;
CoercionHandler.java; org.jboss.util.coerce;
AbstractQueue.java; org.jboss.util.collection;
ArchiveBrowser.java; org.jboss.util.file;
PropertyAdapter.java; org.jboss.util.property;
UnmarshallerFactory.java; org.jboss.xb.binding;
ObjectModelBindingFactory.java; org.jboss.xb.binding.metadata.marshalling;
DocumentBindingFactory.java; org.jboss.xb.binding.metadata.unmarshalling;
AttributeHandler.java; org.jboss.xb.binding.sunday.unmarshalling;
CharactersHandler.java; org.jboss.xb.binding.sunday.unmarshalling;
AbstractDLQHandler.java; org.jboss.resource.adapter.jms.inflow.dlq;
AbstractCommand.java; org.jboss.console.twiddle.command;
AbstractJBossConfigBean.java; org.jboss.deployment.spi.beans;
Ejb3Deployment.java; org.jboss.ejb3;
Ejb3HandlerFactory.java; org.jboss.ejb3;
EJBInvocation.java; org.jboss.ejb3;
LifecycleInvocationContextImpl.java; org.jboss.ejb3.interceptor;
BaseRemoteProxy.java; org.jboss.ejb3.remoting;
Ejb3PolicyConfigurationFactory.java; org.jboss.ejb3.security;
BaseSessionRemoteProxy.java; org.jboss.ejb3.session;
BaseSessionProxyFactory.java; org.jboss.ejb3.session;
DynamicIIOPStub.java; org.jboss.proxy.ejb;
PolicyConfigurationFactory.java; javax.security.jacc;
AttachmentUnmarshaller.java; javax.xml.bind;
JAXBContext.java; javax.xml.bind;
AttachmentMarshaller.java; javax.xml.bind;
ConnectionFactory.java; javax.xml.registry;
ServiceFactory.java; javax.xml.rpc;
GenericHandler.java; javax.xml.rpc.handler;
SOAPConnectionFactory.java; javax.xml.soap;
MessageFactory.java; javax.xml.soap;
SOAPConnection.java; javax.xml.soap;
SOAPFactory.java; javax.xml.soap;
SOAPMessage.java; javax.xml.soap;
SOAPPart.java; javax.xml.soap;
AttachmentPart.java; javax.xml.soap;
Stub.java; org.jboss.axis.client;
UUIDGenFactory.java; org.jboss.axis.components.uuid;
BasicProvider.java; org.jboss.axis.providers;
JMSEndpoint.java; org.jboss.axis.transport.jms;
BaseTypeMapping.java; org.jboss.axis.wsdl.symbolTable;
AbstractSharedInterceptor.java; org.jboss.mx.interceptor;
SchedulableRunnable.java; org.jboss.mx.util;
WrapperException.java; org.jboss.management.j2ee;
Connection.java; org.jboss.mq;
AbstractSecurityProxy.java; org.jboss.security;
CascadeDeleteStrategy.java; org.jboss.ejb.plugins.cmp.jdbc;
Utility.java; org.jboss.proxy.compiler;
AbstractWebContainer.java; org.jboss.web;
JMSTransportSupport.java; org.jboss.webservice.transport.jms;
SchemaBindingSimpleSubDeployerSupport.java; org.jboss.deployment;
SubDeployerInterceptorSupport.java; org.jboss.deployment;
SubDeployerInterceptor.java; org.jboss.deployment;
ObjectModelFactorySimpleSubDeployerSupport.java; org.jboss.deployment;
InterceptorServiceMBeanSupport.java; org.jboss.system;
ListenerServiceMBean.java; org.jboss.system;
HttpServletRequestLoginModule.java; org.jboss.web.tomcat.security;
Util.java; org.jboss.web.tomcat.tc5.session;
JBossManager.java; org.jboss.web.tomcat.tc5.session;
AutoNumberEJB2.java; org.jboss.varia.autonumber;
AbstractStatisticalItem.java; org.jboss.varia.stats;
