mainSimpleSort; CBZip2OutputStream.java; org.elasticsearch.common.compress.bzip2; 197;
allocateUnassigned; LocalGatewayNodeAllocation.java; org.elasticsearch.gateway.local; 216;
decode; MemcachedDecoder.java; org.elasticsearch.memcached.netty; 170;
main; HistogramFacetSearchBenchmark.java; org.elasticsearch.benchmark.search.facet; 156;
mainSort; CBZip2OutputStream.java; org.elasticsearch.common.compress.bzip2; 164;
doSnapshot; BlobStoreIndexShardGateway.java; org.elasticsearch.index.gateway.blobstore; 190;
recover; RecoverySource.java; org.elasticsearch.index.shard.recovery; 178;
createIndex; MetaDataCreateIndexService.java; org.elasticsearch.cluster.metadata; 189;
handleRequest; RestIndicesStatusAction.java; org.elasticsearch.rest.action.admin.indices.status; 191;
allocateUnassigned; BlobReuseExistingNodeAllocation.java; org.elasticsearch.gateway.blobstore; 164;
hbMakeCodeLengths; CBZip2OutputStream.java; org.elasticsearch.common.compress.bzip2; 160;
getAndMoveToFrontDecode; CBZip2InputStream.java; org.elasticsearch.common.compress.bzip2; 185;
