internalGetCode; ProxyAssembler.java; org.jboss.proxy.compiler; 157;
execute; JDBCLoadEntityCommand.java; org.jboss.ejb.plugins.cmp.jdbc; 158;
invokeNext; AbstractTxInterceptor.java; org.jboss.ejb.plugins; 190;
applicationTldConfig; JBossContextConfig.java; org.jboss.web.tomcat.service.deployers; 220;
processContextConfig; JBossContextConfig.java; org.jboss.web.tomcat.service.deployers; 190;
setupEnvironment; Container.java; org.jboss.ejb; 358;
statusCheck; TimestampDiscrepancyService.java; org.jboss.ha.timestamp; 184;
verifyEntityHome; EJBVerifier20.java; org.jboss.verifier.strategy; 245;
deploy; MergedJBossWebMetaDataDeployer.java; org.jboss.web.deployers; 364;
processExpirationPassivation; JBossCacheManager.java; org.jboss.web.tomcat.service.session; 250;
generateMethodCode; IIOPStubCompiler.java; org.jboss.proxy.compiler; 154;
verifySessionBean; EJBVerifier11.java; org.jboss.verifier.strategy; 192;
authenticate; JASPIFormAuthenticator.java; org.jboss.web.tomcat.security.authenticators; 193;
processWebMetaData; JBossContextConfig.java; org.jboss.web.tomcat.service.deployers; 367;
performDeployInternal; TomcatDeployment.java; org.jboss.web.tomcat.service.deployers; 207;
execute; JDBCLoadRelationCommand.java; org.jboss.ejb.plugins.cmp.jdbc; 170;
start; IORFactory.java; org.jboss.proxy.ejb; 230;
verifySessionBean; EJBVerifier21.java; org.jboss.verifier.strategy; 167;
run; WebServer.java; org.jboss.web; 189;
verifyPrimaryKey; EJBVerifier21.java; org.jboss.verifier.strategy; 208;
verifySessionHome; EJBVerifier11.java; org.jboss.verifier.strategy; 205;
main; Shutdown.java; org.jboss; 158;
start; JDBCQueryManager.java; org.jboss.ejb.plugins.cmp.jdbc; 168;
list; JNDIView.java; org.jboss.naming; 187;
verifyBMPEntityBean; EJBVerifier20.java; org.jboss.verifier.strategy; 290;
verifyPrimaryKey; EJBVerifier20.java; org.jboss.verifier.strategy; 208;
verifySessionHome; EJBVerifier20.java; org.jboss.verifier.strategy; 153;
startService; TomcatService.java; org.jboss.web.tomcat.service.deployers; 268;
JDBCEntityMetaData; JDBCEntityMetaData.java; org.jboss.ejb.plugins.cmp.jdbc.metadata; 195;
verifyBMPEntityBean; EJBVerifier21.java; org.jboss.verifier.strategy; 290;
verifyEntityRemote; EJBVerifier11.java; org.jboss.verifier.strategy; 152;
load; ReadAheadCache.java; org.jboss.ejb.plugins.cmp.jdbc; 152;
coerceToJavaType; JDBCUtil.java; org.jboss.ejb.plugins.cmp.jdbc; 153;
verifyEntityLocalHome; EJBVerifier21.java; org.jboss.verifier.strategy; 223;
invoke; UnifiedInvokerHAProxy.java; org.jboss.invocation.unified.interfaces; 219;
processArguments; Twiddle.java; org.jboss.console.twiddle; 160;
verifyEntityHome; EJBVerifier11.java; org.jboss.verifier.strategy; 241;
verifyMessageDrivenBean; EJBVerifier20.java; org.jboss.verifier.strategy; 264;
writeTemplate; JmsDestinationTemplate.java; org.jboss.profileservice.management.templates; 162;
visit; JDBCEJBQLCompiler.java; org.jboss.ejb.plugins.cmp.jdbc; 155;
doAnalyze; ValueAnalysis.java; org.jboss.iiop.rmi; 156;
verifySessionBean; EJBVerifier20.java; org.jboss.verifier.strategy; 167;
deploy; AbstractWarDeployer.java; org.jboss.web.deployers; 159;
validateRequest; HTTPFormServerAuthModule.java; org.jboss.web.tomcat.security.jaspi.modules; 187;
verifyCMPEntityBean; EJBVerifier20.java; org.jboss.verifier.strategy; 334;
processCommandLine; Main.java; org.jboss; 274;
JDBCApplicationMetaData; JDBCApplicationMetaData.java; org.jboss.ejb.plugins.cmp.jdbc.metadata; 300;
JDBCRelationMetaData; JDBCRelationMetaData.java; org.jboss.ejb.plugins.cmp.jdbc.metadata; 220;
verifySessionHome; EJBVerifier21.java; org.jboss.verifier.strategy; 153;
authenticate; FormAuthenticator.java; org.jboss.web.tomcat.security; 181;
createPermissions; WebPermissionMapping.java; org.jboss.web; 286;
listXML; JNDIView.java; org.jboss.naming; 245;
expire; ClusteredSession.java; org.jboss.web.tomcat.service.session; 165;
content; CacheReportGenerator.java; org.jboss.varia.stats.report; 253;
visit; JDBCEJBQLCompiler.java; org.jboss.ejb.plugins.cmp.jdbc; 202;
invoke; EntitySynchronizationInterceptor.java; org.jboss.ejb.plugins; 168;
mapEjbs; MappedReferenceMetaDataResolverDeployer.java; org.jboss.deployment; 455;
runWithTransactions; TxInterceptorCMT.java; org.jboss.ejb.plugins; 200;
verifyEntityBean; EJBVerifier11.java; org.jboss.verifier.strategy; 298;
start; CorbaORBService.java; org.jboss.iiop; 167;
getManagedObject; MBeanManagedObjectFactory.java; org.jboss.profileservice.management.mbean.spi; 271;
handleException; LogInterceptor.java; org.jboss.ejb.plugins; 252;
execute; JDBCStartCommand.java; org.jboss.ejb.plugins.cmp.jdbc; 243;
verifyEntityLocalHome; EJBVerifier20.java; org.jboss.verifier.strategy; 223;
invoke; StatefulSessionInstanceInterceptor.java; org.jboss.ejb.plugins; 204;
verifyEntityHome; EJBVerifier21.java; org.jboss.verifier.strategy; 245;
deploy; EjbDeployer.java; org.jboss.ejb.deployers; 248;
doDetermineStructure; EARStructure.java; org.jboss.deployment; 165;
verifyCMPEntityBean; EJBVerifier21.java; org.jboss.verifier.strategy; 334;
create; IORFactory.java; org.jboss.proxy.ejb; 168;
boot; Main.java; org.jboss; 313;
verifyMessageDrivenBean; EJBVerifier21.java; org.jboss.verifier.strategy; 248;
