AbstractMDIApplication.java; org.jhotdraw.application;
AbstractOSXApplication.java; org.jhotdraw.application;
AbstractDocumentView.java; org.jhotdraw.application;
AbstractSDIApplication.java; org.jhotdraw.application;
AbstractAttributedCompositeFigure.java; org.jhotdraw.draw;
MoveAction.java; org.jhotdraw.draw.action;
AbstractEditorAction.java; org.jhotdraw.draw.action;
MoveConstrainedAction.java; org.jhotdraw.draw.action;
AlignAction.java; org.jhotdraw.draw.action;
Insets2D.java; org.jhotdraw.geom;
Worker.java; org.jhotdraw.gui;
