ClusteredHTTPSessionBeanImpl.java; org.jboss.ha.httpsession.beanimpl.ejb;
ClusteredHTTPSessionBeanAbstract.java; org.jboss.ha.httpsession.beanimpl.ejb;
AbstractNestedThrowable.java; org.jboss.util;
CoercionHandler.java; org.jboss.util.coerce;
AbstractQueue.java; org.jboss.util.collection;
PropertyAdapter.java; org.jboss.util.property;
AbstractCommand.java; org.jboss.console.twiddle.command;
DynamicIIOPStub.java; org.jboss.proxy.ejb;
JspFactory.java; javax.servlet.jsp;
JspEngineInfo.java; javax.servlet.jsp;
JspWriter.java; javax.servlet.jsp;
PageContext.java; javax.servlet.jsp;
TagExtraInfo.java; javax.servlet.jsp.tagext;
BodyContent.java; javax.servlet.jsp.tagext;
J2EEWebApplicationHandler.java; org.mortbay.j2ee;
CMRAttributeBean.java; org.mortbay.j2ee.session.ejb;
CMPStateBean.java; org.mortbay.j2ee.session.ejb;
CMRStateBean.java; org.mortbay.j2ee.session.ejb;
AbstractSessionManager.java; org.mortbay.jetty.servlet;
LifeCycleThread.java; org.mortbay.util;
Credential.java; org.mortbay.util;
QueryEval.java; javax.management;
ModelMBeanInvoker.java; org.jboss.mx.modelmbean;
SchedulableRunnable.java; org.jboss.mx.util;
WrapperException.java; org.jboss.management.j2ee;
AbstractStateManager.java; org.jboss.mq.sm;
PoolObjectFactory.java; org.jboss.pool;
CachedObjectFactory.java; org.jboss.pool.cache;
XMLUtils.java; org.jboss.pool.xml;
Policy.java; javax.security.auth;
Configuration.java; javax.security.auth.login;
AbstractSecurityProxy.java; org.jboss.security;
Utility.java; org.jboss.proxy.compiler;
AutoNumberEJB2.java; org.jboss.varia.autonumber;
