ClusteredHTTPSessionBeanImpl.java; org.jboss.ha.httpsession.beanimpl.ejb;
ClusteredHTTPSessionBeanAbstract.java; org.jboss.ha.httpsession.beanimpl.ejb;
AbstractNestedThrowable.java; org.jboss.util;
CoercionHandler.java; org.jboss.util.coerce;
AbstractQueue.java; org.jboss.util.collection;
PropertyAdapter.java; org.jboss.util.property;
AbstractCommand.java; org.jboss.console.twiddle.command;
DynamicIIOPStub.java; org.jboss.proxy.ejb;
ServiceFactory.java; javax.xml.rpc;
GenericHandler.java; javax.xml.rpc.handler;
SOAPPart.java; javax.xml.soap;
SOAPMessage.java; javax.xml.soap;
SOAPConnection.java; javax.xml.soap;
SOAPConnectionFactory.java; javax.xml.soap;
AttachmentPart.java; javax.xml.soap;
MessageFactory.java; javax.xml.soap;
SOAPFactory.java; javax.xml.soap;
Stub.java; org.apache.axis.client;
UUIDGenFactory.java; org.apache.axis.components.uuid;
BasicProvider.java; org.apache.axis.providers;
BaseTypeMapping.java; org.apache.axis.wsdl.symbolTable;
QueryEval.java; javax.management;
AbstractSharedInterceptor.java; org.jboss.mx.interceptor;
SchedulableRunnable.java; org.jboss.mx.util;
WrapperException.java; org.jboss.management.j2ee;
Connection.java; org.jboss.mq;
ClientInvoker.java; org.jboss.remoting;
Policy.java; javax.security.auth;
Configuration.java; javax.security.auth.login;
AbstractSecurityProxy.java; org.jboss.security;
CascadeDeleteStrategy.java; org.jboss.ejb.plugins.cmp.jdbc;
Utility.java; org.jboss.proxy.compiler;
ListenerServiceMBean.java; org.jboss.system;
JBossManager.java; org.jboss.web.tomcat.tc5.session;
AutoNumberEJB2.java; org.jboss.varia.autonumber;
AbstractStatisticalItem.java; org.jboss.varia.stats;
AbstractScheduler.java; org.jboss.web.loadbalancer.scheduler;
