TreeCache.java; org.jboss.cache;
TreeCacheView.java; org.jboss.cache;
TreeCacheView2.java; org.jboss.cache;
CacheImpl.java; org.jboss.cache;
Call.java; org.apache.axis.client;
ServiceDesc.java; org.apache.axis.description;
SOAPElementAxisImpl.java; org.apache.axis.message;
URI.java; org.apache.axis.types;
JavaUtils.java; org.apache.axis.utils;
Types.java; org.apache.axis.wsdl.fromJava;
SchemaUtils.java; org.apache.axis.wsdl.symbolTable;
SymbolTable.java; org.apache.axis.wsdl.symbolTable;
NamingContext.java; org.jnp.interfaces;
JDBCEJBQLCompiler.java; org.jboss.ejb.plugins.cmp.jdbc;
EJBQLToSQL92Compiler.java; org.jboss.ejb.plugins.cmp.jdbc;
JDBCAbstractQueryCommand.java; org.jboss.ejb.plugins.cmp.jdbc;
JDBCStartCommand.java; org.jboss.ejb.plugins.cmp.jdbc;
JDBCCMRFieldBridge.java; org.jboss.ejb.plugins.cmp.jdbc.bridge;
JDBCEntityBridge.java; org.jboss.ejb.plugins.cmp.jdbc.bridge;
JDBCEntityMetaData.java; org.jboss.ejb.plugins.cmp.jdbc.metadata;
JDBCCMRFieldBridge2.java; org.jboss.ejb.plugins.cmp.jdbc2.bridge;
EntityTable.java; org.jboss.ejb.plugins.cmp.jdbc2.schema;
EJBVerifier20.java; org.jboss.verifier.strategy;
AbstractVerifier.java; org.jboss.verifier.strategy;
