read:;ImageFigure.java:;package;CH.ifa.draw.figures;[in;ImageFigure.java;[in;CH.ifa.draw.figures;[in;src;[in;JHotDraw_5.2]]]];15
addToSelection:;StandardDrawingView.java:;package;CH.ifa.draw.standard;[in;StandardDrawingView.java;[in;CH.ifa.draw.standard;[in;src;[in;JHotDraw_5.2]]]];11
promptSaveAs:;DrawApplication.java:;package;CH.ifa.draw.application;[in;DrawApplication.java;[in;CH.ifa.draw.application;[in;src;[in;JHotDraw_5.2]]]];18
setAttribute:;GraphicalCompositeFigure.java:;package;CH.ifa.draw.contrib;[in;GraphicalCompositeFigure.java;[in;CH.ifa.draw.contrib;[in;src;[in;JHotDraw_5.2]]]];17
setText:;TextFigure.java:;package;CH.ifa.draw.figures;[in;TextFigure.java;[in;CH.ifa.draw.figures;[in;src;[in;JHotDraw_5.2]]]];11
read:;AbstractLineDecoration.java:;package;CH.ifa.draw.figures;[in;AbstractLineDecoration.java;[in;CH.ifa.draw.figures;[in;src;[in;JHotDraw_5.2]]]];15
invokeEnd:;ConnectionHandle.java:;package;CH.ifa.draw.standard;[in;ConnectionHandle.java;[in;CH.ifa.draw.standard;[in;src;[in;JHotDraw_5.2]]]];18
loadRegisteredImages:;Iconkit.java:;package;CH.ifa.draw.util;[in;Iconkit.java;[in;CH.ifa.draw.util;[in;src;[in;JHotDraw_5.2]]]];25
getLayouter:;GraphicalCompositeFigure.java:;package;CH.ifa.draw.contrib;[in;GraphicalCompositeFigure.java;[in;CH.ifa.draw.contrib;[in;src;[in;JHotDraw_5.2]]]];11
willChange:;Figure.java:;package;CH.ifa.draw.framework;[in;Figure.java;[in;CH.ifa.draw.framework;[in;src;[in;JHotDraw_5.2]]]];15
findConnector:;NodeFigure.java:;package;CH.ifa.draw.samples.net;[in;NodeFigure.java;[in;CH.ifa.draw.samples.net;[in;src;[in;JHotDraw_5.2]]]];16
promptOpen:;DrawApplication.java:;package;CH.ifa.draw.application;[in;DrawApplication.java;[in;CH.ifa.draw.application;[in;src;[in;JHotDraw_5.2]]]];17
figureRequestRemove:;GraphicalCompositeFigure.java:;package;CH.ifa.draw.contrib;[in;GraphicalCompositeFigure.java;[in;CH.ifa.draw.contrib;[in;src;[in;JHotDraw_5.2]]]];13
promptNew:;MDI_DrawApplication.java:;package;CH.ifa.draw.contrib;[in;[Working;copy];MDI_DrawApplication.java;[in;CH.ifa.draw.contrib;[in;src;[in;JHotDraw_5.2]]]];12
distanceFromLine:;PolygonFigure.java:;package;CH.ifa.draw.contrib;[in;PolygonFigure.java;[in;CH.ifa.draw.contrib;[in;src;[in;JHotDraw_5.2]]]];70
getAttribute:;PolyLineFigure.java:;package;CH.ifa.draw.figures;[in;PolyLineFigure.java;[in;CH.ifa.draw.figures;[in;src;[in;JHotDraw_5.2]]]];19
handles:;StandardDrawing.java:;package;CH.ifa.draw.standard;[in;StandardDrawing.java;[in;CH.ifa.draw.standard;[in;src;[in;JHotDraw_5.2]]]];12
print:;DrawApplication.java:;package;CH.ifa.draw.application;[in;DrawApplication.java;[in;CH.ifa.draw.application;[in;src;[in;JHotDraw_5.2]]]];18
ToolButton:;ToolButton.java:;package;CH.ifa.draw.standard;[in;ToolButton.java;[in;CH.ifa.draw.standard;[in;src;[in;JHotDraw_5.2]]]];29
angleToPoint:;Geom.java:;package;CH.ifa.draw.util;[in;Geom.java;[in;CH.ifa.draw.util;[in;src;[in;JHotDraw_5.2]]]];21
handleConnect:;PertDependency.java:;package;CH.ifa.draw.samples.pert;[in;PertDependency.java;[in;CH.ifa.draw.samples.pert;[in;src;[in;JHotDraw_5.2]]]];11
draw:;AttributeFigure.java:;package;CH.ifa.draw.figures;[in;AttributeFigure.java;[in;CH.ifa.draw.figures;[in;src;[in;JHotDraw_5.2]]]];16
createFontSizeMenu:;DrawApplication.java:;package;CH.ifa.draw.application;[in;DrawApplication.java;[in;CH.ifa.draw.application;[in;src;[in;JHotDraw_5.2]]]];16
chop:;PolyLineConnector.java:;package;CH.ifa.draw.figures;[in;PolyLineConnector.java;[in;CH.ifa.draw.figures;[in;src;[in;JHotDraw_5.2]]]];45
readDouble:;StorableInput.java:;package;CH.ifa.draw.util;[in;StorableInput.java;[in;CH.ifa.draw.util;[in;src;[in;JHotDraw_5.2]]]];11
intersect:;Geom.java:;package;CH.ifa.draw.util;[in;Geom.java;[in;CH.ifa.draw.util;[in;src;[in;JHotDraw_5.2]]]];55
createContents:;SplitPaneDrawApplication.java:;package;CH.ifa.draw.contrib;[in;SplitPaneDrawApplication.java;[in;CH.ifa.draw.contrib;[in;src;[in;JHotDraw_5.2]]]];21
loadDrawing:;DrawApplication.java:;package;CH.ifa.draw.application;[in;DrawApplication.java;[in;CH.ifa.draw.application;[in;src;[in;JHotDraw_5.2]]]];18
createImagesMenu:;JavaDrawApp.java:;package;CH.ifa.draw.samples.javadraw;[in;JavaDrawApp.java;[in;CH.ifa.draw.samples.javadraw;[in;src;[in;JHotDraw_5.2]]]];13
read:;AttributeFigure.java:;package;CH.ifa.draw.figures;[in;AttributeFigure.java;[in;CH.ifa.draw.figures;[in;src;[in;JHotDraw_5.2]]]];11
findConnectableFigure:;ConnectionHandle.java:;package;CH.ifa.draw.standard;[in;ConnectionHandle.java;[in;CH.ifa.draw.standard;[in;src;[in;JHotDraw_5.2]]]];11
getOrigin:;TriangleRotationHandle.java:;package;CH.ifa.draw.contrib;[in;TriangleRotationHandle.java;[in;CH.ifa.draw.contrib;[in;src;[in;JHotDraw_5.2]]]];16
open:;DrawApplication.java:;package;CH.ifa.draw.application;[in;DrawApplication.java;[in;CH.ifa.draw.application;[in;src;[in;JHotDraw_5.2]]]];47
outermostPoint:;PolygonFigure.java:;package;CH.ifa.draw.contrib;[in;PolygonFigure.java;[in;CH.ifa.draw.contrib;[in;src;[in;JHotDraw_5.2]]]];18
drawPattern:;PatternPainter.java:;package;CH.ifa.draw.samples.javadraw;[in;PatternPainter.java;[in;CH.ifa.draw.samples.javadraw;[in;src;[in;JHotDraw_5.2]]]];18
insertPointAt:;PolygonFigure.java:;package;CH.ifa.draw.contrib;[in;PolygonFigure.java;[in;CH.ifa.draw.contrib;[in;src;[in;JHotDraw_5.2]]]];22
invokeStart:;AbstractHandle.java:;package;CH.ifa.draw.standard;[in;AbstractHandle.java;[in;CH.ifa.draw.standard;[in;src;[in;JHotDraw_5.2]]]];12
getAttribute:;AttributeFigure.java:;package;CH.ifa.draw.figures;[in;AttributeFigure.java;[in;CH.ifa.draw.figures;[in;src;[in;JHotDraw_5.2]]]];13
loadImage:;Iconkit.java:;package;CH.ifa.draw.util;[in;Iconkit.java;[in;CH.ifa.draw.util;[in;src;[in;JHotDraw_5.2]]]];11
init:;JavaDrawViewer.java:;package;CH.ifa.draw.samples.javadraw;[in;JavaDrawViewer.java;[in;CH.ifa.draw.samples.javadraw;[in;src;[in;JHotDraw_5.2]]]];15
write:;PolyLineFigure.java:;package;CH.ifa.draw.figures;[in;PolyLineFigure.java;[in;CH.ifa.draw.figures;[in;src;[in;JHotDraw_5.2]]]];13
saveDrawing:;DrawApplication.java:;package;CH.ifa.draw.application;[in;DrawApplication.java;[in;CH.ifa.draw.application;[in;src;[in;JHotDraw_5.2]]]];11
createContents:;MDI_DrawApplication.java:;package;CH.ifa.draw.contrib;[in;[Working;copy];MDI_DrawApplication.java;[in;CH.ifa.draw.contrib;[in;src;[in;JHotDraw_5.2]]]];33
createTools:;JavaDrawApp.java:;package;CH.ifa.draw.samples.javadraw;[in;JavaDrawApp.java;[in;CH.ifa.draw.samples.javadraw;[in;src;[in;JHotDraw_5.2]]]];41
mouseDown:;ActionTool.java:;package;CH.ifa.draw.standard;[in;ActionTool.java;[in;CH.ifa.draw.standard;[in;src;[in;JHotDraw_5.2]]]];11
read:;LineConnection.java:;package;CH.ifa.draw.figures;[in;LineConnection.java;[in;CH.ifa.draw.figures;[in;src;[in;JHotDraw_5.2]]]];11
needsLayout:;PertFigure.java:;package;CH.ifa.draw.samples.pert;[in;PertFigure.java;[in;CH.ifa.draw.samples.pert;[in;src;[in;JHotDraw_5.2]]]];11
makeInstance:;StorableInput.java:;package;CH.ifa.draw.util;[in;StorableInput.java;[in;CH.ifa.draw.util;[in;src;[in;JHotDraw_5.2]]]];15
includes:;CompositeFigure.java:;package;CH.ifa.draw.standard;[in;CompositeFigure.java;[in;CH.ifa.draw.standard;[in;src;[in;JHotDraw_5.2]]]];16
restore:;StandardStorageFormat.java:;package;CH.ifa.draw.util;[in;StandardStorageFormat.java;[in;CH.ifa.draw.util;[in;src;[in;JHotDraw_5.2]]]];16
enable:;CommandMenu.java:;package;CH.ifa.draw.util;[in;CommandMenu.java;[in;CH.ifa.draw.util;[in;src;[in;JHotDraw_5.2]]]];12
write:;FigureAttributes.java:;package;CH.ifa.draw.figures;[in;FigureAttributes.java;[in;CH.ifa.draw.figures;[in;src;[in;JHotDraw_5.2]]]];45
range:;Geom.java:;package;CH.ifa.draw.util;[in;Geom.java;[in;CH.ifa.draw.util;[in;src;[in;JHotDraw_5.2]]]];11
checkEnabled:;CommandMenu.java:;package;CH.ifa.draw.util;[in;CommandMenu.java;[in;CH.ifa.draw.util;[in;src;[in;JHotDraw_5.2]]]];12
readFromStorableInput:;DrawApplet.java:;package;CH.ifa.draw.applet;[in;DrawApplet.java;[in;CH.ifa.draw.applet;[in;src;[in;JHotDraw_5.2]]]];14
basicMoveBy:;LineConnection.java:;package;CH.ifa.draw.figures;[in;LineConnection.java;[in;CH.ifa.draw.figures;[in;src;[in;JHotDraw_5.2]]]];11
mouseDown:;URLTool.java:;package;CH.ifa.draw.samples.javadraw;[in;URLTool.java;[in;CH.ifa.draw.samples.javadraw;[in;src;[in;JHotDraw_5.2]]]];11
figureRequestUpdate:;StandardDrawing.java:;package;CH.ifa.draw.standard;[in;StandardDrawing.java;[in;CH.ifa.draw.standard;[in;src;[in;JHotDraw_5.2]]]];11
execute:;AlignCommand.java:;package;CH.ifa.draw.standard;[in;AlignCommand.java;[in;CH.ifa.draw.standard;[in;src;[in;JHotDraw_5.2]]]];31
readBoolean:;StorableInput.java:;package;CH.ifa.draw.util;[in;StorableInput.java;[in;CH.ifa.draw.util;[in;src;[in;JHotDraw_5.2]]]];11
chop:;PolygonFigure.java:;package;CH.ifa.draw.contrib;[in;PolygonFigure.java;[in;CH.ifa.draw.contrib;[in;src;[in;JHotDraw_5.2]]]];41
findConnectionTarget:;ChangeConnectionHandle.java:;package;CH.ifa.draw.standard;[in;ChangeConnectionHandle.java;[in;CH.ifa.draw.standard;[in;src;[in;JHotDraw_5.2]]]];11
setAttribute:;PolyLineFigure.java:;package;CH.ifa.draw.figures;[in;PolyLineFigure.java;[in;CH.ifa.draw.figures;[in;src;[in;JHotDraw_5.2]]]];28
selectionChanged:;DrawApplication.java:;package;CH.ifa.draw.application;[in;DrawApplication.java;[in;CH.ifa.draw.application;[in;src;[in;JHotDraw_5.2]]]];12
release:;CompositeFigure.java:;package;CH.ifa.draw.standard;[in;CompositeFigure.java;[in;CH.ifa.draw.standard;[in;src;[in;JHotDraw_5.2]]]];11
setupAttributes:;DrawApplet.java:;package;CH.ifa.draw.applet;[in;DrawApplet.java;[in;CH.ifa.draw.applet;[in;src;[in;JHotDraw_5.2]]]];25
newWindow:;MDI_DrawApplication.java:;package;CH.ifa.draw.contrib;[in;[Working;copy];MDI_DrawApplication.java;[in;CH.ifa.draw.contrib;[in;src;[in;JHotDraw_5.2]]]];11
calculateLayout:;StandardLayouter.java:;package;CH.ifa.draw.contrib;[in;StandardLayouter.java;[in;CH.ifa.draw.contrib;[in;src;[in;JHotDraw_5.2]]]];34
endEdit:;TextTool.java:;package;CH.ifa.draw.figures;[in;TextTool.java;[in;CH.ifa.draw.figures;[in;src;[in;JHotDraw_5.2]]]];12
smoothPoints:;PolygonFigure.java:;package;CH.ifa.draw.contrib;[in;PolygonFigure.java;[in;CH.ifa.draw.contrib;[in;src;[in;JHotDraw_5.2]]]];32
ChangeAttributeCommand:;ChangeAttributeCommand.java:;package;CH.ifa.draw.standard;[in;ChangeAttributeCommand.java;[in;CH.ifa.draw.standard;[in;src;[in;JHotDraw_5.2]]]];14
actionPerformed:;CommandMenu.java:;package;CH.ifa.draw.util;[in;CommandMenu.java;[in;CH.ifa.draw.util;[in;src;[in;JHotDraw_5.2]]]];20
createTools:;DrawApplet.java:;package;CH.ifa.draw.applet;[in;DrawApplet.java;[in;CH.ifa.draw.applet;[in;src;[in;JHotDraw_5.2]]]];12
adjustFileName:;StandardStorageFormat.java:;package;CH.ifa.draw.util;[in;StandardStorageFormat.java;[in;CH.ifa.draw.util;[in;src;[in;JHotDraw_5.2]]]];14
createArrowMenu:;DrawApplication.java:;package;CH.ifa.draw.application;[in;DrawApplication.java;[in;CH.ifa.draw.application;[in;src;[in;JHotDraw_5.2]]]];11
read:;TextFigure.java:;package;CH.ifa.draw.figures;[in;TextFigure.java;[in;CH.ifa.draw.figures;[in;src;[in;JHotDraw_5.2]]]];14
figureRequestRemove:;StandardDrawing.java:;package;CH.ifa.draw.standard;[in;StandardDrawing.java;[in;CH.ifa.draw.standard;[in;src;[in;JHotDraw_5.2]]]];14
getImage:;Iconkit.java:;package;CH.ifa.draw.util;[in;Iconkit.java;[in;CH.ifa.draw.util;[in;src;[in;JHotDraw_5.2]]]];14
lineContainsPoint:;Geom.java:;package;CH.ifa.draw.util;[in;Geom.java;[in;CH.ifa.draw.util;[in;src;[in;JHotDraw_5.2]]]];29
lock:;StandardDrawing.java:;package;CH.ifa.draw.standard;[in;StandardDrawing.java;[in;CH.ifa.draw.standard;[in;src;[in;JHotDraw_5.2]]]];13
findSegment:;PolygonFigure.java:;package;CH.ifa.draw.contrib;[in;PolygonFigure.java;[in;CH.ifa.draw.contrib;[in;src;[in;JHotDraw_5.2]]]];20
add:;CommandMenu.java:;package;CH.ifa.draw.util;[in;CommandMenu.java;[in;CH.ifa.draw.util;[in;src;[in;JHotDraw_5.2]]]];11
restore:;SerializationStorageFormat.java:;package;CH.ifa.draw.util;[in;SerializationStorageFormat.java;[in;CH.ifa.draw.util;[in;src;[in;JHotDraw_5.2]]]];17
mouseMove:;FollowURLTool.java:;package;CH.ifa.draw.samples.javadraw;[in;FollowURLTool.java;[in;CH.ifa.draw.samples.javadraw;[in;src;[in;JHotDraw_5.2]]]];13
mouseDrag:;ConnectionTool.java:;package;CH.ifa.draw.standard;[in;ConnectionTool.java;[in;CH.ifa.draw.standard;[in;src;[in;JHotDraw_5.2]]]];16
switchToolBar:;CustomToolBar.java:;package;CH.ifa.draw.contrib;[in;CustomToolBar.java;[in;CH.ifa.draw.contrib;[in;src;[in;JHotDraw_5.2]]]];11
createAlignmentMenu:;DrawApplication.java:;package;CH.ifa.draw.application;[in;DrawApplication.java;[in;CH.ifa.draw.application;[in;src;[in;JHotDraw_5.2]]]];17
StandardDrawingView:;StandardDrawingView.java:;package;CH.ifa.draw.standard;[in;StandardDrawingView.java;[in;CH.ifa.draw.standard;[in;src;[in;JHotDraw_5.2]]]];18
createSplitPane:;SplitPaneDrawApplication.java:;package;CH.ifa.draw.contrib;[in;SplitPaneDrawApplication.java;[in;CH.ifa.draw.contrib;[in;src;[in;JHotDraw_5.2]]]];13
beginEdit:;TextTool.java:;package;CH.ifa.draw.figures;[in;TextTool.java;[in;CH.ifa.draw.figures;[in;src;[in;JHotDraw_5.2]]]];13
animationStep:;AnimationDecorator.java:;package;CH.ifa.draw.samples.javadraw;[in;AnimationDecorator.java;[in;CH.ifa.draw.samples.javadraw;[in;src;[in;JHotDraw_5.2]]]];20
scaleRotate:;PolygonFigure.java:;package;CH.ifa.draw.contrib;[in;PolygonFigure.java;[in;CH.ifa.draw.contrib;[in;src;[in;JHotDraw_5.2]]]];34
AlignCommand:;AlignCommand.java:;package;CH.ifa.draw.standard;[in;AlignCommand.java;[in;CH.ifa.draw.standard;[in;src;[in;JHotDraw_5.2]]]];11
store:;SerializationStorageFormat.java:;package;CH.ifa.draw.util;[in;SerializationStorageFormat.java;[in;CH.ifa.draw.util;[in;src;[in;JHotDraw_5.2]]]];14
createAttributesPanel:;DrawApplet.java:;package;CH.ifa.draw.applet;[in;DrawApplet.java;[in;CH.ifa.draw.applet;[in;src;[in;JHotDraw_5.2]]]];23
readString:;StorableInput.java:;package;CH.ifa.draw.util;[in;StorableInput.java;[in;CH.ifa.draw.util;[in;src;[in;JHotDraw_5.2]]]];12
displayBox:;LocatorConnector.java:;package;CH.ifa.draw.standard;[in;LocatorConnector.java;[in;CH.ifa.draw.standard;[in;src;[in;JHotDraw_5.2]]]];11
endOverlay:;FloatingTextField.java:;package;CH.ifa.draw.util;[in;FloatingTextField.java;[in;CH.ifa.draw.util;[in;src;[in;JHotDraw_5.2]]]];13
mousePressed:;StandardDrawingView.java:;package;CH.ifa.draw.standard;[in;StandardDrawingView.java;[in;CH.ifa.draw.standard;[in;src;[in;JHotDraw_5.2]]]];12
setDrawing:;StandardDrawingView.java:;package;CH.ifa.draw.standard;[in;StandardDrawingView.java;[in;CH.ifa.draw.standard;[in;src;[in;JHotDraw_5.2]]]];16
layout:;StandardLayouter.java:;package;CH.ifa.draw.contrib;[in;StandardLayouter.java;[in;CH.ifa.draw.contrib;[in;src;[in;JHotDraw_5.2]]]];29
remove:;CompositeFigure.java:;package;CH.ifa.draw.standard;[in;CompositeFigure.java;[in;CH.ifa.draw.standard;[in;src;[in;JHotDraw_5.2]]]];11
insertFigures:;FigureTransferCommand.java:;package;CH.ifa.draw.standard;[in;FigureTransferCommand.java;[in;CH.ifa.draw.standard;[in;src;[in;JHotDraw_5.2]]]];13
checkMinimumSize:;StandardDrawingView.java:;package;CH.ifa.draw.standard;[in;StandardDrawingView.java;[in;CH.ifa.draw.standard;[in;src;[in;JHotDraw_5.2]]]];14
createTools:;NetApp.java:;package;CH.ifa.draw.samples.net;[in;NetApp.java;[in;CH.ifa.draw.samples.net;[in;src;[in;JHotDraw_5.2]]]];12
removePointAt:;PolygonFigure.java:;package;CH.ifa.draw.contrib;[in;PolygonFigure.java;[in;CH.ifa.draw.contrib;[in;src;[in;JHotDraw_5.2]]]];16
constrainY:;ElbowHandle.java:;package;CH.ifa.draw.figures;[in;ElbowHandle.java;[in;CH.ifa.draw.figures;[in;src;[in;JHotDraw_5.2]]]];21
draw:;AbstractHandle.java:;package;CH.ifa.draw.standard;[in;AbstractHandle.java;[in;CH.ifa.draw.standard;[in;src;[in;JHotDraw_5.2]]]];12
locator:;PolygonFigure.java:;package;CH.ifa.draw.contrib;[in;PolygonFigure.java;[in;CH.ifa.draw.contrib;[in;src;[in;JHotDraw_5.2]]]];14
draw:;LocatorConnector.java:;package;CH.ifa.draw.standard;[in;LocatorConnector.java;[in;CH.ifa.draw.standard;[in;src;[in;JHotDraw_5.2]]]];11
keyPressed:;StandardDrawingView.java:;package;CH.ifa.draw.standard;[in;StandardDrawingView.java;[in;CH.ifa.draw.standard;[in;src;[in;JHotDraw_5.2]]]];19
updateLocation:;TextFigure.java:;package;CH.ifa.draw.figures;[in;TextFigure.java;[in;CH.ifa.draw.figures;[in;src;[in;JHotDraw_5.2]]]];17
splitSegment:;PolygonFigure.java:;package;CH.ifa.draw.contrib;[in;PolygonFigure.java;[in;CH.ifa.draw.contrib;[in;src;[in;JHotDraw_5.2]]]];13
invalidate:;AbstractFigure.java:;package;CH.ifa.draw.standard;[in;AbstractFigure.java;[in;CH.ifa.draw.standard;[in;src;[in;JHotDraw_5.2]]]];12
containsPoint:;PolyLineFigure.java:;package;CH.ifa.draw.figures;[in;PolyLineFigure.java;[in;CH.ifa.draw.figures;[in;src;[in;JHotDraw_5.2]]]];15
createTools:;PertApplication.java:;package;CH.ifa.draw.samples.pert;[in;PertApplication.java;[in;CH.ifa.draw.samples.pert;[in;src;[in;JHotDraw_5.2]]]];20
mouseDown:;TextTool.java:;package;CH.ifa.draw.figures;[in;TextTool.java;[in;CH.ifa.draw.figures;[in;src;[in;JHotDraw_5.2]]]];27
createWindowMenu:;JavaDrawApp.java:;package;CH.ifa.draw.samples.javadraw;[in;JavaDrawApp.java;[in;CH.ifa.draw.samples.javadraw;[in;src;[in;JHotDraw_5.2]]]];22
findFigureWithout:;CompositeFigure.java:;package;CH.ifa.draw.standard;[in;CompositeFigure.java;[in;CH.ifa.draw.standard;[in;src;[in;JHotDraw_5.2]]]];20
endPoint:;LineConnection.java:;package;CH.ifa.draw.figures;[in;LineConnection.java;[in;CH.ifa.draw.figures;[in;src;[in;JHotDraw_5.2]]]];11
addListeners:;DrawApplication.java:;package;CH.ifa.draw.application;[in;DrawApplication.java;[in;CH.ifa.draw.application;[in;src;[in;JHotDraw_5.2]]]];12
removeAll:;CompositeFigure.java:;package;CH.ifa.draw.standard;[in;CompositeFigure.java;[in;CH.ifa.draw.standard;[in;src;[in;JHotDraw_5.2]]]];12
startPoint:;LineConnection.java:;package;CH.ifa.draw.figures;[in;LineConnection.java;[in;CH.ifa.draw.figures;[in;src;[in;JHotDraw_5.2]]]];11
ToggleGridCommand:;ToggleGridCommand.java:;package;CH.ifa.draw.standard;[in;ToggleGridCommand.java;[in;CH.ifa.draw.standard;[in;src;[in;JHotDraw_5.2]]]];11
remove:;StandardDrawing.java:;package;CH.ifa.draw.standard;[in;StandardDrawing.java;[in;CH.ifa.draw.standard;[in;src;[in;JHotDraw_5.2]]]];12
getData:;FigureSelection.java:;package;CH.ifa.draw.framework;[in;FigureSelection.java;[in;CH.ifa.draw.framework;[in;src;[in;JHotDraw_5.2]]]];26
findEnd:;ChopBoxConnector.java:;package;CH.ifa.draw.standard;[in;ChopBoxConnector.java;[in;CH.ifa.draw.standard;[in;src;[in;JHotDraw_5.2]]]];12
loadDrawing:;DrawApplet.java:;package;CH.ifa.draw.applet;[in;DrawApplet.java;[in;CH.ifa.draw.applet;[in;src;[in;JHotDraw_5.2]]]];11
execute:;PasteCommand.java:;package;CH.ifa.draw.standard;[in;PasteCommand.java;[in;CH.ifa.draw.standard;[in;src;[in;JHotDraw_5.2]]]];15
handleCursorKey:;StandardDrawingView.java:;package;CH.ifa.draw.standard;[in;StandardDrawingView.java;[in;CH.ifa.draw.standard;[in;src;[in;JHotDraw_5.2]]]];29
decompose:;AbstractFigure.java:;package;CH.ifa.draw.standard;[in;AbstractFigure.java;[in;CH.ifa.draw.standard;[in;src;[in;JHotDraw_5.2]]]];11
handles:;PertFigure.java:;package;CH.ifa.draw.samples.pert;[in;PertFigure.java;[in;CH.ifa.draw.samples.pert;[in;src;[in;JHotDraw_5.2]]]];11
changed:;AbstractFigure.java:;package;CH.ifa.draw.standard;[in;AbstractFigure.java;[in;CH.ifa.draw.standard;[in;src;[in;JHotDraw_5.2]]]];12
handles:;LineConnection.java:;package;CH.ifa.draw.figures;[in;LineConnection.java;[in;CH.ifa.draw.figures;[in;src;[in;JHotDraw_5.2]]]];13
MDI_InternalFrame:;MDI_InternalFrame.java:;package;CH.ifa.draw.contrib;[in;MDI_InternalFrame.java;[in;CH.ifa.draw.contrib;[in;src;[in;JHotDraw_5.2]]]];11
addHandles:;BoxHandleKit.java:;package;CH.ifa.draw.standard;[in;BoxHandleKit.java;[in;CH.ifa.draw.standard;[in;src;[in;JHotDraw_5.2]]]];11
createTools:;NothingApp.java:;package;CH.ifa.draw.samples.nothing;[in;NothingApp.java;[in;CH.ifa.draw.samples.nothing;[in;src;[in;JHotDraw_5.2]]]];27
replace:;CompositeFigure.java:;package;CH.ifa.draw.standard;[in;CompositeFigure.java;[in;CH.ifa.draw.standard;[in;src;[in;JHotDraw_5.2]]]];12
mouseDown:;MySelectionTool.java:;package;CH.ifa.draw.samples.javadraw;[in;MySelectionTool.java;[in;CH.ifa.draw.samples.javadraw;[in;src;[in;JHotDraw_5.2]]]];13
findFigureInside:;AbstractFigure.java:;package;CH.ifa.draw.standard;[in;AbstractFigure.java;[in;CH.ifa.draw.standard;[in;src;[in;JHotDraw_5.2]]]];12
readInt:;StorableInput.java:;package;CH.ifa.draw.util;[in;StorableInput.java;[in;CH.ifa.draw.util;[in;src;[in;JHotDraw_5.2]]]];13
updatePoints:;ElbowConnection.java:;package;CH.ifa.draw.figures;[in;ElbowConnection.java;[in;CH.ifa.draw.figures;[in;src;[in;JHotDraw_5.2]]]];29
read:;PolyLineFigure.java:;package;CH.ifa.draw.figures;[in;PolyLineFigure.java;[in;CH.ifa.draw.figures;[in;src;[in;JHotDraw_5.2]]]];13
mouseDown:;DragTracker.java:;package;CH.ifa.draw.standard;[in;DragTracker.java;[in;CH.ifa.draw.standard;[in;src;[in;JHotDraw_5.2]]]];13
findConnectableFigure:;ConnectionTool.java:;package;CH.ifa.draw.standard;[in;ConnectionTool.java;[in;CH.ifa.draw.standard;[in;src;[in;JHotDraw_5.2]]]];11
mouseDown:;ConnectedTextTool.java:;package;CH.ifa.draw.figures;[in;ConnectedTextTool.java;[in;CH.ifa.draw.figures;[in;src;[in;JHotDraw_5.2]]]];15
adjustOffsets:;CustomSelectionTool.java:;package;CH.ifa.draw.contrib;[in;CustomSelectionTool.java;[in;CH.ifa.draw.contrib;[in;src;[in;JHotDraw_5.2]]]];13
findFigureInside:;CompositeFigure.java:;package;CH.ifa.draw.standard;[in;CompositeFigure.java;[in;CH.ifa.draw.standard;[in;src;[in;JHotDraw_5.2]]]];15
createFileFilter:;StandardStorageFormat.java:;package;CH.ifa.draw.util;[in;StandardStorageFormat.java;[in;CH.ifa.draw.util;[in;src;[in;JHotDraw_5.2]]]];24
mouseDrag:;DragTracker.java:;package;CH.ifa.draw.standard;[in;DragTracker.java;[in;CH.ifa.draw.standard;[in;src;[in;JHotDraw_5.2]]]];12
selectGroup:;SelectAreaTracker.java:;package;CH.ifa.draw.standard;[in;SelectAreaTracker.java;[in;CH.ifa.draw.standard;[in;src;[in;JHotDraw_5.2]]]];14
handlePopupMenu:;CustomSelectionTool.java:;package;CH.ifa.draw.contrib;[in;CustomSelectionTool.java;[in;CH.ifa.draw.contrib;[in;src;[in;JHotDraw_5.2]]]];16
writeString:;StorableOutput.java:;package;CH.ifa.draw.util;[in;StorableOutput.java;[in;CH.ifa.draw.util;[in;src;[in;JHotDraw_5.2]]]];20
write:;AttributeFigure.java:;package;CH.ifa.draw.figures;[in;AttributeFigure.java;[in;CH.ifa.draw.figures;[in;src;[in;JHotDraw_5.2]]]];12
initialize:;PertFigure.java:;package;CH.ifa.draw.samples.pert;[in;PertFigure.java;[in;CH.ifa.draw.samples.pert;[in;src;[in;JHotDraw_5.2]]]];25
readFromObjectInput:;DrawApplet.java:;package;CH.ifa.draw.applet;[in;DrawApplet.java;[in;CH.ifa.draw.applet;[in;src;[in;JHotDraw_5.2]]]];16
loadImageResource:;Iconkit.java:;package;CH.ifa.draw.util;[in;Iconkit.java;[in;CH.ifa.draw.util;[in;src;[in;JHotDraw_5.2]]]];11
checkDamage:;StandardDrawingView.java:;package;CH.ifa.draw.standard;[in;StandardDrawingView.java;[in;CH.ifa.draw.standard;[in;src;[in;JHotDraw_5.2]]]];12
createTools:;NothingApplet.java:;package;CH.ifa.draw.samples.nothing;[in;NothingApplet.java;[in;CH.ifa.draw.samples.nothing;[in;src;[in;JHotDraw_5.2]]]];29
beginEdit:;URLTool.java:;package;CH.ifa.draw.samples.javadraw;[in;URLTool.java;[in;CH.ifa.draw.samples.javadraw;[in;src;[in;JHotDraw_5.2]]]];20
mouseUp:;CreationTool.java:;package;CH.ifa.draw.standard;[in;CreationTool.java;[in;CH.ifa.draw.standard;[in;src;[in;JHotDraw_5.2]]]];11
mouseDown:;SelectionTool.java:;package;CH.ifa.draw.standard;[in;SelectionTool.java;[in;CH.ifa.draw.standard;[in;src;[in;JHotDraw_5.2]]]];31
connectionInsets:;TriangleFigure.java:;package;CH.ifa.draw.contrib;[in;TriangleFigure.java;[in;CH.ifa.draw.contrib;[in;src;[in;JHotDraw_5.2]]]];23
clearSelection:;StandardDrawingView.java:;package;CH.ifa.draw.standard;[in;StandardDrawingView.java;[in;CH.ifa.draw.standard;[in;src;[in;JHotDraw_5.2]]]];14
run:;Animator.java:;package;CH.ifa.draw.samples.javadraw;[in;Animator.java;[in;CH.ifa.draw.samples.javadraw;[in;src;[in;JHotDraw_5.2]]]];17
read:;PertFigure.java:;package;CH.ifa.draw.samples.pert;[in;PertFigure.java;[in;CH.ifa.draw.samples.pert;[in;src;[in;JHotDraw_5.2]]]];11
figureInvalidated:;StandardDrawing.java:;package;CH.ifa.draw.standard;[in;StandardDrawing.java;[in;CH.ifa.draw.standard;[in;src;[in;JHotDraw_5.2]]]];13
createButtons:;DrawApplet.java:;package;CH.ifa.draw.applet;[in;DrawApplet.java;[in;CH.ifa.draw.applet;[in;src;[in;JHotDraw_5.2]]]];72
read:;PolygonFigure.java:;package;CH.ifa.draw.contrib;[in;PolygonFigure.java;[in;CH.ifa.draw.contrib;[in;src;[in;JHotDraw_5.2]]]];11
mouseDown:;ScribbleTool.java:;package;CH.ifa.draw.figures;[in;ScribbleTool.java;[in;CH.ifa.draw.figures;[in;src;[in;JHotDraw_5.2]]]];12
draw:;BorderDecorator.java:;package;CH.ifa.draw.figures;[in;BorderDecorator.java;[in;CH.ifa.draw.figures;[in;src;[in;JHotDraw_5.2]]]];13
activateTools:;CustomToolBar.java:;package;CH.ifa.draw.contrib;[in;CustomToolBar.java;[in;CH.ifa.draw.contrib;[in;src;[in;JHotDraw_5.2]]]];20
mouseUp:;CustomSelectionTool.java:;package;CH.ifa.draw.contrib;[in;CustomSelectionTool.java;[in;CH.ifa.draw.contrib;[in;src;[in;JHotDraw_5.2]]]];23
draw:;PolygonScaleHandle.java:;package;CH.ifa.draw.contrib;[in;PolygonScaleHandle.java;[in;CH.ifa.draw.contrib;[in;src;[in;JHotDraw_5.2]]]];20
minimumLayoutSize:;PaletteLayout.java:;package;CH.ifa.draw.util;[in;PaletteLayout.java;[in;CH.ifa.draw.util;[in;src;[in;JHotDraw_5.2]]]];29
paintSelected:;ToolButton.java:;package;CH.ifa.draw.standard;[in;ToolButton.java;[in;CH.ifa.draw.standard;[in;src;[in;JHotDraw_5.2]]]];18
handles:;NodeFigure.java:;package;CH.ifa.draw.samples.net;[in;NodeFigure.java;[in;CH.ifa.draw.samples.net;[in;src;[in;JHotDraw_5.2]]]];14
invokeStep:;ElbowHandle.java:;package;CH.ifa.draw.figures;[in;ElbowHandle.java;[in;CH.ifa.draw.figures;[in;src;[in;JHotDraw_5.2]]]];23
showHelp:;DrawApplet.java:;package;CH.ifa.draw.applet;[in;DrawApplet.java;[in;CH.ifa.draw.applet;[in;src;[in;JHotDraw_5.2]]]];14
replaceDrawingView:;MDI_InternalFrame.java:;package;CH.ifa.draw.contrib;[in;MDI_InternalFrame.java;[in;CH.ifa.draw.contrib;[in;src;[in;JHotDraw_5.2]]]];22
read:;FigureAttributes.java:;package;CH.ifa.draw.figures;[in;FigureAttributes.java;[in;CH.ifa.draw.figures;[in;src;[in;JHotDraw_5.2]]]];39
createAttributesMenu:;DrawApplication.java:;package;CH.ifa.draw.application;[in;DrawApplication.java;[in;CH.ifa.draw.application;[in;src;[in;JHotDraw_5.2]]]];16
add:;CompositeFigure.java:;package;CH.ifa.draw.standard;[in;CompositeFigure.java;[in;CH.ifa.draw.standard;[in;src;[in;JHotDraw_5.2]]]];11
imageUpdate:;ImageFigure.java:;package;CH.ifa.draw.figures;[in;ImageFigure.java;[in;CH.ifa.draw.figures;[in;src;[in;JHotDraw_5.2]]]];11
add:;CustomToolBar.java:;package;CH.ifa.draw.contrib;[in;CustomToolBar.java;[in;CH.ifa.draw.contrib;[in;src;[in;JHotDraw_5.2]]]];13
PolygonHandle:;PolygonHandle.java:;package;CH.ifa.draw.contrib;[in;PolygonHandle.java;[in;CH.ifa.draw.contrib;[in;src;[in;JHotDraw_5.2]]]];11
findDrawingView:;MDI_InternalFrame.java:;package;CH.ifa.draw.contrib;[in;MDI_InternalFrame.java;[in;CH.ifa.draw.contrib;[in;src;[in;JHotDraw_5.2]]]];22
draw:;BufferedUpdateStrategy.java:;package;CH.ifa.draw.standard;[in;BufferedUpdateStrategy.java;[in;CH.ifa.draw.standard;[in;src;[in;JHotDraw_5.2]]]];19
init:;DrawApplet.java:;package;CH.ifa.draw.applet;[in;DrawApplet.java;[in;CH.ifa.draw.applet;[in;src;[in;JHotDraw_5.2]]]];28
joinSegments:;PolyLineFigure.java:;package;CH.ifa.draw.figures;[in;PolyLineFigure.java;[in;CH.ifa.draw.figures;[in;src;[in;JHotDraw_5.2]]]];15
createButtons:;JavaDrawApplet.java:;package;CH.ifa.draw.samples.javadraw;[in;JavaDrawApplet.java;[in;CH.ifa.draw.samples.javadraw;[in;src;[in;JHotDraw_5.2]]]];12
setDrawingTitle:;DrawApplication.java:;package;CH.ifa.draw.application;[in;DrawApplication.java;[in;CH.ifa.draw.application;[in;src;[in;JHotDraw_5.2]]]];12
getOrigin:;PolygonScaleHandle.java:;package;CH.ifa.draw.contrib;[in;PolygonScaleHandle.java;[in;CH.ifa.draw.contrib;[in;src;[in;JHotDraw_5.2]]]];19
loadDrawing:;JavaDrawViewer.java:;package;CH.ifa.draw.samples.javadraw;[in;JavaDrawViewer.java;[in;CH.ifa.draw.samples.javadraw;[in;src;[in;JHotDraw_5.2]]]];12
findConnectionTarget:;ConnectionHandle.java:;package;CH.ifa.draw.standard;[in;ConnectionHandle.java;[in;CH.ifa.draw.standard;[in;src;[in;JHotDraw_5.2]]]];12
displayBox:;GroupFigure.java:;package;CH.ifa.draw.figures;[in;GroupFigure.java;[in;CH.ifa.draw.figures;[in;src;[in;JHotDraw_5.2]]]];12
createColorMenu:;DrawApplication.java:;package;CH.ifa.draw.application;[in;DrawApplication.java;[in;CH.ifa.draw.application;[in;src;[in;JHotDraw_5.2]]]];16
polygon:;TriangleFigure.java:;package;CH.ifa.draw.contrib;[in;TriangleFigure.java;[in;CH.ifa.draw.contrib;[in;src;[in;JHotDraw_5.2]]]];48
writeStorable:;StorableOutput.java:;package;CH.ifa.draw.util;[in;StorableOutput.java;[in;CH.ifa.draw.util;[in;src;[in;JHotDraw_5.2]]]];24
getAttribute:;TextFigure.java:;package;CH.ifa.draw.figures;[in;TextFigure.java;[in;CH.ifa.draw.figures;[in;src;[in;JHotDraw_5.2]]]];14
findFigure:;CompositeFigure.java:;package;CH.ifa.draw.standard;[in;CompositeFigure.java;[in;CH.ifa.draw.standard;[in;src;[in;JHotDraw_5.2]]]];13
createDebugMenu:;DrawApplication.java:;package;CH.ifa.draw.application;[in;DrawApplication.java;[in;CH.ifa.draw.application;[in;src;[in;JHotDraw_5.2]]]];28
createFontChoice:;DrawApplet.java:;package;CH.ifa.draw.applet;[in;DrawApplet.java;[in;CH.ifa.draw.applet;[in;src;[in;JHotDraw_5.2]]]];11
createAnimationMenu:;JavaDrawApp.java:;package;CH.ifa.draw.samples.javadraw;[in;JavaDrawApp.java;[in;CH.ifa.draw.samples.javadraw;[in;src;[in;JHotDraw_5.2]]]];23
findFigure:;CompositeFigure.java:;package;CH.ifa.draw.standard;[in;CompositeFigure.java;[in;CH.ifa.draw.standard;[in;src;[in;JHotDraw_5.2]]]];18
execute:;UngroupCommand.java:;package;CH.ifa.draw.figures;[in;UngroupCommand.java;[in;CH.ifa.draw.figures;[in;src;[in;JHotDraw_5.2]]]];14
createColorChoice:;DrawApplet.java:;package;CH.ifa.draw.applet;[in;DrawApplet.java;[in;CH.ifa.draw.applet;[in;src;[in;JHotDraw_5.2]]]];16
removeFromSelection:;StandardDrawingView.java:;package;CH.ifa.draw.standard;[in;StandardDrawingView.java;[in;CH.ifa.draw.standard;[in;src;[in;JHotDraw_5.2]]]];11
set:;FigureAttributes.java:;package;CH.ifa.draw.figures;[in;FigureAttributes.java;[in;CH.ifa.draw.figures;[in;src;[in;JHotDraw_5.2]]]];12
findTarget:;ConnectionTool.java:;package;CH.ifa.draw.standard;[in;ConnectionTool.java;[in;CH.ifa.draw.standard;[in;src;[in;JHotDraw_5.2]]]];15
addPoint:;PolygonTool.java:;package;CH.ifa.draw.contrib;[in;PolygonTool.java;[in;CH.ifa.draw.contrib;[in;src;[in;JHotDraw_5.2]]]];11
setDefaultStorageFormat:;StorageFormatManager.java:;package;CH.ifa.draw.util;[in;StorageFormatManager.java;[in;CH.ifa.draw.util;[in;src;[in;JHotDraw_5.2]]]];12
bounds:;PolygonFigure.java:;package;CH.ifa.draw.contrib;[in;PolygonFigure.java;[in;CH.ifa.draw.contrib;[in;src;[in;JHotDraw_5.2]]]];21
createMenus:;DrawApplication.java:;package;CH.ifa.draw.application;[in;DrawApplication.java;[in;CH.ifa.draw.application;[in;src;[in;JHotDraw_5.2]]]];11
GraphicalCompositeFigure:;GraphicalCompositeFigure.java:;package;CH.ifa.draw.contrib;[in;GraphicalCompositeFigure.java;[in;CH.ifa.draw.contrib;[in;src;[in;JHotDraw_5.2]]]];11
registerFileFilters:;StorageFormatManager.java:;package;CH.ifa.draw.util;[in;StorageFormatManager.java;[in;CH.ifa.draw.util;[in;src;[in;JHotDraw_5.2]]]];16
decorate:;PolyLineFigure.java:;package;CH.ifa.draw.figures;[in;PolyLineFigure.java;[in;CH.ifa.draw.figures;[in;src;[in;JHotDraw_5.2]]]];12
createTools:;DrawApplication.java:;package;CH.ifa.draw.application;[in;DrawApplication.java;[in;CH.ifa.draw.application;[in;src;[in;JHotDraw_5.2]]]];11
findStart:;ChopBoxConnector.java:;package;CH.ifa.draw.standard;[in;ChopBoxConnector.java;[in;CH.ifa.draw.standard;[in;src;[in;JHotDraw_5.2]]]];12
findStorageFormat:;StorageFormatManager.java:;package;CH.ifa.draw.util;[in;StorageFormatManager.java;[in;CH.ifa.draw.util;[in;src;[in;JHotDraw_5.2]]]];19
newLookAndFeel:;DrawApplication.java:;package;CH.ifa.draw.application;[in;DrawApplication.java;[in;CH.ifa.draw.application;[in;src;[in;JHotDraw_5.2]]]];12
displayBox:;StandardDrawing.java:;package;CH.ifa.draw.standard;[in;StandardDrawing.java;[in;CH.ifa.draw.standard;[in;src;[in;JHotDraw_5.2]]]];15
findSegment:;PolyLineFigure.java:;package;CH.ifa.draw.figures;[in;PolyLineFigure.java;[in;CH.ifa.draw.figures;[in;src;[in;JHotDraw_5.2]]]];15
handles:;GroupFigure.java:;package;CH.ifa.draw.figures;[in;GroupFigure.java;[in;CH.ifa.draw.figures;[in;src;[in;JHotDraw_5.2]]]];11
readObject:;CompositeFigure.java:;package;CH.ifa.draw.standard;[in;CompositeFigure.java;[in;CH.ifa.draw.standard;[in;src;[in;JHotDraw_5.2]]]];11
execute:;GroupCommand.java:;package;CH.ifa.draw.figures;[in;GroupCommand.java;[in;CH.ifa.draw.figures;[in;src;[in;JHotDraw_5.2]]]];13
displayBox:;AbstractFigure.java:;package;CH.ifa.draw.standard;[in;AbstractFigure.java;[in;CH.ifa.draw.standard;[in;src;[in;JHotDraw_5.2]]]];13
createFileMenu:;DrawApplication.java:;package;CH.ifa.draw.application;[in;DrawApplication.java;[in;CH.ifa.draw.application;[in;src;[in;JHotDraw_5.2]]]];58
createEditMenu:;DrawApplication.java:;package;CH.ifa.draw.application;[in;DrawApplication.java;[in;CH.ifa.draw.application;[in;src;[in;JHotDraw_5.2]]]];20
selectionHandles:;StandardDrawingView.java:;package;CH.ifa.draw.standard;[in;StandardDrawingView.java;[in;CH.ifa.draw.standard;[in;src;[in;JHotDraw_5.2]]]];16
constrainPoint:;StandardDrawingView.java:;package;CH.ifa.draw.standard;[in;StandardDrawingView.java;[in;CH.ifa.draw.standard;[in;src;[in;JHotDraw_5.2]]]];15
rotate:;TriangleFigure.java:;package;CH.ifa.draw.contrib;[in;TriangleFigure.java;[in;CH.ifa.draw.contrib;[in;src;[in;JHotDraw_5.2]]]];15
findConnection:;ConnectionTool.java:;package;CH.ifa.draw.standard;[in;ConnectionTool.java;[in;CH.ifa.draw.standard;[in;src;[in;JHotDraw_5.2]]]];13
createStorageFormatManager:;DrawApplication.java:;package;CH.ifa.draw.application;[in;DrawApplication.java;[in;CH.ifa.draw.application;[in;src;[in;JHotDraw_5.2]]]];12
constrainX:;ElbowHandle.java:;package;CH.ifa.draw.figures;[in;ElbowHandle.java;[in;CH.ifa.draw.figures;[in;src;[in;JHotDraw_5.2]]]];22
center:;PolygonFigure.java:;package;CH.ifa.draw.contrib;[in;PolygonFigure.java;[in;CH.ifa.draw.contrib;[in;src;[in;JHotDraw_5.2]]]];11
actionPerformed:;CommandButton.java:;package;CH.ifa.draw.util;[in;CommandButton.java;[in;CH.ifa.draw.util;[in;src;[in;JHotDraw_5.2]]]];11
write:;AbstractLineDecoration.java:;package;CH.ifa.draw.figures;[in;AbstractLineDecoration.java;[in;CH.ifa.draw.figures;[in;src;[in;JHotDraw_5.2]]]];18
setLayouter:;GraphicalCompositeFigure.java:;package;CH.ifa.draw.contrib;[in;GraphicalCompositeFigure.java;[in;CH.ifa.draw.contrib;[in;src;[in;JHotDraw_5.2]]]];14
findFigureInsideWithout:;CompositeFigure.java:;package;CH.ifa.draw.standard;[in;CompositeFigure.java;[in;CH.ifa.draw.standard;[in;src;[in;JHotDraw_5.2]]]];18
mouseDown:;ConnectionTool.java:;package;CH.ifa.draw.standard;[in;ConnectionTool.java;[in;CH.ifa.draw.standard;[in;src;[in;JHotDraw_5.2]]]];32
remove:;FigureChangeEventMulticaster.java:;package;CH.ifa.draw.standard;[in;FigureChangeEventMulticaster.java;[in;CH.ifa.draw.standard;[in;src;[in;JHotDraw_5.2]]]];13
invokeEnd:;ChangeConnectionHandle.java:;package;CH.ifa.draw.standard;[in;ChangeConnectionHandle.java;[in;CH.ifa.draw.standard;[in;src;[in;JHotDraw_5.2]]]];17
direction:;Geom.java:;package;CH.ifa.draw.util;[in;Geom.java;[in;CH.ifa.draw.util;[in;src;[in;JHotDraw_5.2]]]];19
createLookAndFeelMenu:;DrawApplication.java:;package;CH.ifa.draw.application;[in;DrawApplication.java;[in;CH.ifa.draw.application;[in;src;[in;JHotDraw_5.2]]]];23
drawBorder:;PertFigure.java:;package;CH.ifa.draw.samples.pert;[in;PertFigure.java;[in;CH.ifa.draw.samples.pert;[in;src;[in;JHotDraw_5.2]]]];19
mouseDown:;PolygonTool.java:;package;CH.ifa.draw.contrib;[in;PolygonTool.java;[in;CH.ifa.draw.contrib;[in;src;[in;JHotDraw_5.2]]]];19
displayBox:;AbstractHandle.java:;package;CH.ifa.draw.standard;[in;AbstractHandle.java;[in;CH.ifa.draw.standard;[in;src;[in;JHotDraw_5.2]]]];11
write:;PertFigure.java:;package;CH.ifa.draw.samples.pert;[in;PertFigure.java;[in;CH.ifa.draw.samples.pert;[in;src;[in;JHotDraw_5.2]]]];12
showPopupMenu:;CustomSelectionTool.java:;package;CH.ifa.draw.contrib;[in;CustomSelectionTool.java;[in;CH.ifa.draw.contrib;[in;src;[in;JHotDraw_5.2]]]];25
toggleSelection:;StandardDrawingView.java:;package;CH.ifa.draw.standard;[in;StandardDrawingView.java;[in;CH.ifa.draw.standard;[in;src;[in;JHotDraw_5.2]]]];11
layoutContainer:;PaletteLayout.java:;package;CH.ifa.draw.util;[in;PaletteLayout.java;[in;CH.ifa.draw.util;[in;src;[in;JHotDraw_5.2]]]];21
invokeStep:;ChangeConnectionHandle.java:;package;CH.ifa.draw.standard;[in;ChangeConnectionHandle.java;[in;CH.ifa.draw.standard;[in;src;[in;JHotDraw_5.2]]]];20
setAttribute:;TextFigure.java:;package;CH.ifa.draw.figures;[in;TextFigure.java;[in;CH.ifa.draw.figures;[in;src;[in;JHotDraw_5.2]]]];26
drawAll:;StandardDrawingView.java:;package;CH.ifa.draw.standard;[in;StandardDrawingView.java;[in;CH.ifa.draw.standard;[in;src;[in;JHotDraw_5.2]]]];16
mouseDrag:;CustomSelectionTool.java:;package;CH.ifa.draw.contrib;[in;CustomSelectionTool.java;[in;CH.ifa.draw.contrib;[in;src;[in;JHotDraw_5.2]]]];13
trackConnectors:;ConnectionTool.java:;package;CH.ifa.draw.standard;[in;ConnectionTool.java;[in;CH.ifa.draw.standard;[in;src;[in;JHotDraw_5.2]]]];25
layout:;GraphicalCompositeFigure.java:;package;CH.ifa.draw.contrib;[in;GraphicalCompositeFigure.java;[in;CH.ifa.draw.contrib;[in;src;[in;JHotDraw_5.2]]]];12
createFontMenu:;DrawApplication.java:;package;CH.ifa.draw.application;[in;DrawApplication.java;[in;CH.ifa.draw.application;[in;src;[in;JHotDraw_5.2]]]];11
FigureSelection:;FigureSelection.java:;package;CH.ifa.draw.framework;[in;FigureSelection.java;[in;CH.ifa.draw.framework;[in;src;[in;JHotDraw_5.2]]]];17
createContents:;DrawApplication.java:;package;CH.ifa.draw.application;[in;DrawApplication.java;[in;CH.ifa.draw.application;[in;src;[in;JHotDraw_5.2]]]];12
findFigure:;CompositeFigure.java:;package;CH.ifa.draw.standard;[in;CompositeFigure.java;[in;CH.ifa.draw.standard;[in;src;[in;JHotDraw_5.2]]]];13
paletteUserOver:;DrawApplication.java:;package;CH.ifa.draw.application;[in;DrawApplication.java;[in;CH.ifa.draw.application;[in;src;[in;JHotDraw_5.2]]]];11
basicDisplayBox:;Figure.java:;package;CH.ifa.draw.framework;[in;Figure.java;[in;CH.ifa.draw.framework;[in;src;[in;JHotDraw_5.2]]]];12
clone:;FigureAttributes.java:;package;CH.ifa.draw.figures;[in;FigureAttributes.java;[in;CH.ifa.draw.figures;[in;src;[in;JHotDraw_5.2]]]];12
mouseUp:;ConnectionTool.java:;package;CH.ifa.draw.standard;[in;ConnectionTool.java;[in;CH.ifa.draw.standard;[in;src;[in;JHotDraw_5.2]]]];23
readStorable:;StorableInput.java:;package;CH.ifa.draw.util;[in;StorableInput.java;[in;CH.ifa.draw.util;[in;src;[in;JHotDraw_5.2]]]];20
handles:;ElbowConnection.java:;package;CH.ifa.draw.figures;[in;ElbowConnection.java;[in;CH.ifa.draw.figures;[in;src;[in;JHotDraw_5.2]]]];13
basicMoveBy:;CompositeFigure.java:;package;CH.ifa.draw.standard;[in;CompositeFigure.java;[in;CH.ifa.draw.standard;[in;src;[in;JHotDraw_5.2]]]];11
updateConnection:;LineConnection.java:;package;CH.ifa.draw.figures;[in;LineConnection.java;[in;CH.ifa.draw.figures;[in;src;[in;JHotDraw_5.2]]]];13
createTools:;PertApplet.java:;package;CH.ifa.draw.samples.pert;[in;PertApplet.java;[in;CH.ifa.draw.samples.pert;[in;src;[in;JHotDraw_5.2]]]];16
initializeAttributes:;AttributeFigure.java:;package;CH.ifa.draw.figures;[in;AttributeFigure.java;[in;CH.ifa.draw.figures;[in;src;[in;JHotDraw_5.2]]]];12
write:;ImageFigure.java:;package;CH.ifa.draw.figures;[in;ImageFigure.java;[in;CH.ifa.draw.figures;[in;src;[in;JHotDraw_5.2]]]];12
write:;TextFigure.java:;package;CH.ifa.draw.figures;[in;TextFigure.java;[in;CH.ifa.draw.figures;[in;src;[in;JHotDraw_5.2]]]];12
draw:;AbstractLineDecoration.java:;package;CH.ifa.draw.figures;[in;AbstractLineDecoration.java;[in;CH.ifa.draw.figures;[in;src;[in;JHotDraw_5.2]]]];24
clone:;AbstractFigure.java:;package;CH.ifa.draw.standard;[in;AbstractFigure.java;[in;CH.ifa.draw.standard;[in;src;[in;JHotDraw_5.2]]]];30
draw:;GroupHandle.java:;package;CH.ifa.draw.figures;[in;GroupHandle.java;[in;CH.ifa.draw.figures;[in;src;[in;JHotDraw_5.2]]]];12
createTools:;JavaDrawApplet.java:;package;CH.ifa.draw.samples.javadraw;[in;JavaDrawApplet.java;[in;CH.ifa.draw.samples.javadraw;[in;src;[in;JHotDraw_5.2]]]];41
createAttributeChoices:;DrawApplet.java:;package;CH.ifa.draw.applet;[in;DrawApplet.java;[in;CH.ifa.draw.applet;[in;src;[in;JHotDraw_5.2]]]];30
MDI_InternalFrame:;MDI_InternalFrame.java:;package;CH.ifa.draw.contrib;[in;MDI_InternalFrame.java;[in;CH.ifa.draw.contrib;[in;src;[in;JHotDraw_5.2]]]];12
writeObject:;AttributeFigure.java:;package;CH.ifa.draw.figures;[in;AttributeFigure.java;[in;CH.ifa.draw.figures;[in;src;[in;JHotDraw_5.2]]]];14
mouseUp:;FollowURLTool.java:;package;CH.ifa.draw.samples.javadraw;[in;FollowURLTool.java;[in;CH.ifa.draw.samples.javadraw;[in;src;[in;JHotDraw_5.2]]]];18
getValue:;NumberTextFigure.java:;package;CH.ifa.draw.figures;[in;NumberTextFigure.java;[in;CH.ifa.draw.figures;[in;src;[in;JHotDraw_5.2]]]];13
selectionZOrdered:;StandardDrawingView.java:;package;CH.ifa.draw.standard;[in;StandardDrawingView.java;[in;CH.ifa.draw.standard;[in;src;[in;JHotDraw_5.2]]]];18
InsertImageCommand:;InsertImageCommand.java:;package;CH.ifa.draw.figures;[in;InsertImageCommand.java;[in;CH.ifa.draw.figures;[in;src;[in;JHotDraw_5.2]]]];11
draw:;ChangeConnectionHandle.java:;package;CH.ifa.draw.standard;[in;ChangeConnectionHandle.java;[in;CH.ifa.draw.standard;[in;src;[in;JHotDraw_5.2]]]];12
equals:;StandardStorageFormat.java:;package;CH.ifa.draw.util;[in;StandardStorageFormat.java;[in;CH.ifa.draw.util;[in;src;[in;JHotDraw_5.2]]]];14
findFigureInsideWithout:;Drawing.java:;package;CH.ifa.draw.framework;[in;Drawing.java;[in;CH.ifa.draw.framework;[in;src;[in;JHotDraw_5.2]]]];11
layout:;PertFigure.java:;package;CH.ifa.draw.samples.pert;[in;PertFigure.java;[in;CH.ifa.draw.samples.pert;[in;src;[in;JHotDraw_5.2]]]];22
findConnectableFigure:;ChangeConnectionHandle.java:;package;CH.ifa.draw.standard;[in;ChangeConnectionHandle.java;[in;CH.ifa.draw.standard;[in;src;[in;JHotDraw_5.2]]]];11
findHandle:;StandardDrawingView.java:;package;CH.ifa.draw.standard;[in;StandardDrawingView.java;[in;CH.ifa.draw.standard;[in;src;[in;JHotDraw_5.2]]]];15
getAttribute:;GraphicalCompositeFigure.java:;package;CH.ifa.draw.contrib;[in;GraphicalCompositeFigure.java;[in;CH.ifa.draw.contrib;[in;src;[in;JHotDraw_5.2]]]];17
invokeStep:;ConnectionHandle.java:;package;CH.ifa.draw.standard;[in;ConnectionHandle.java;[in;CH.ifa.draw.standard;[in;src;[in;JHotDraw_5.2]]]];20
store:;StandardStorageFormat.java:;package;CH.ifa.draw.util;[in;StandardStorageFormat.java;[in;CH.ifa.draw.util;[in;src;[in;JHotDraw_5.2]]]];15
mouseDown:;CustomSelectionTool.java:;package;CH.ifa.draw.contrib;[in;CustomSelectionTool.java;[in;CH.ifa.draw.contrib;[in;src;[in;JHotDraw_5.2]]]];18
activateFrame:;MDI_DrawApplication.java:;package;CH.ifa.draw.contrib;[in;[Working;copy];MDI_DrawApplication.java;[in;CH.ifa.draw.contrib;[in;src;[in;JHotDraw_5.2]]]];19
