XMLContentSpec.java; org.apache.xerces.framework;
XMLEntityHandler.java; org.apache.xerces.readers;
QName.java; org.apache.xerces.utils;
SymbolCache.java; org.apache.xerces.utils;
XMLElementDecl.java; org.apache.xerces.validators.common;
XMLAttributeDecl.java; org.apache.xerces.validators.common;
InsertableElementsInfo.java; org.apache.xerces.validators.common;
DatatypeValidator.java; org.apache.xerces.validators.datatype;
SchemaSymbols.java; org.apache.xerces.validators.schema;
Method.java; org.apache.xml.serialize;
LineSeparator.java; org.apache.xml.serialize;
Node.java; org.w3c.dom;
DOMException.java; org.w3c.dom;
Range.java; org.w3c.dom.range;
NodeFilter.java; org.w3c.dom.traversal;
