Argo.java; org.argouml.application.api;
PluggableMenu.java; org.argouml.application.api;
QuadrantPanel.java; org.argouml.application.api;
ArgoEventTypes.java; org.argouml.application.events;
ToDoTreeRenderer.java; org.argouml.cognitive.ui;
HistoryItem.java; org.argouml.kernel;
JavaConstants.java; org.argouml.language.java;
JavaLexer.java; org.argouml.language.java.generator;
JavaUML.java; org.argouml.language.java.generator;
ModelFacade.java; org.argouml.model;
Init.java; org.argouml.uml.cognitive.critics;
LayoutHelper.java; org.argouml.uml.diagram.layout;
ActionSetStructuralFeatureChangeability.java; org.argouml.uml.ui.foundation.core;
ActionSetModelElementVisibility.java; org.argouml.uml.ui.foundation.core;
ActionSetAssociationEndAggregation.java; org.argouml.uml.ui.foundation.core;
ActionSetAssociationEndChangeability.java; org.argouml.uml.ui.foundation.core;
FileFilters.java; org.argouml.util;
ArgoTokenTable.java; org.argouml.xml.argo;
TodoTokenTable.java; org.argouml.xml.todo;
