Token.java; org.apache.nutch.analysis;
CrawlDb.java; org.apache.nutch.crawl;
FetchSchedule.java; org.apache.nutch.crawl;
Fields.java; org.apache.nutch.indexer.field;
LuceneConstants.java; org.apache.nutch.indexer.lucene;
SolrConstants.java; org.apache.nutch.indexer.solr;
HttpHeaders.java; org.apache.nutch.metadata;
Feed.java; org.apache.nutch.metadata;
Nutch.java; org.apache.nutch.metadata;
DublinCore.java; org.apache.nutch.metadata;
Office.java; org.apache.nutch.metadata;
WebGraph.java; org.apache.nutch.scoring.webgraph;
