CursorOperation.java; org.apache.qpid.server.store.berkeleydb.upgrade;
QMFEventClass.java; org.apache.qpid.qmf;
QMFObject.java; org.apache.qpid.qmf;
QMFEventCommand.java; org.apache.qpid.qmf;
QMFObjectClass.java; org.apache.qpid.qmf;
QMFMethod.java; org.apache.qpid.qmf;
ConfigObjectType.java; org.apache.qpid.server.configuration;
MessageReference.java; org.apache.qpid.server.message;
AbstractServerMessageImpl.java; org.apache.qpid.server.message;
Attribute.java; org.apache.qpid.server.model;
EventType.java; org.apache.qpid.server.model;
AuthenticationProviderAdapter.java; org.apache.qpid.server.model.adapter;
ApplicationRegistry.java; org.apache.qpid.server.registry;
AbstractPasswordFilePrincipalDatabase.java; org.apache.qpid.server.security.auth.database;
SignalHandlerTask.java; org.apache.qpid.server.signal;
NullMessageStore.java; org.apache.qpid.server.store;
SubscriptionImpl.java; org.apache.qpid.server.subscription;
HouseKeepingTask.java; org.apache.qpid.server.virtualhost;
VirtualHostHouseKeepingPlugin.java; org.apache.qpid.server.virtualhost.plugins;
AMQSessionAdapter.java; org.apache.qpid.client;
BasicMessageConsumer.java; org.apache.qpid.client;
AMQSession.java; org.apache.qpid.client;
AMQAnyDestination.java; org.apache.qpid.client;
Node.java; org.apache.qpid.client.messaging.address;
QpidProperty.java; org.apache.qpid.configuration;
LogicExpression.java; org.apache.qpid.filter;
UnaryExpression.java; org.apache.qpid.filter;
ComparisonExpression.java; org.apache.qpid.filter;
ArithmeticExpression.java; org.apache.qpid.filter;
AMQMethodBodyImpl.java; org.apache.qpid.framing;
AMQMethodBody_0_9.java; org.apache.qpid.framing.amqp_0_9;
AMQMethodBody_0_91.java; org.apache.qpid.framing.amqp_0_91;
AMQMethodBody_8_0.java; org.apache.qpid.framing.amqp_8_0;
Range.java; org.apache.qpid.transport;
Method.java; org.apache.qpid.transport;
Struct.java; org.apache.qpid.transport;
Field.java; org.apache.qpid.transport;
ConnectionBinding.java; org.apache.qpid.transport.network;
