Utils.java; org.apache.qpid.gentools;
ManagedBDBHAMessageStore.java; org.apache.qpid.server.store.berkeleydb.jmx;
LogSubjectFormat.java; org.apache.qpid.server.logging.subjects;
Consumer.java; org.apache.qpid.server.model;
Session.java; org.apache.qpid.server.model;
Binding.java; org.apache.qpid.server.model;
AuthenticationProvider.java; org.apache.qpid.server.model;
Queue.java; org.apache.qpid.server.model;
AMQQueueFactory.java; org.apache.qpid.server.queue;
QpidQueueOptions.java; org.apache.qpid.client.messaging.address;
BrokerDetails.java; org.apache.qpid.jms;
ConnectionURL.java; org.apache.qpid.jms;
FailoverMethod.java; org.apache.qpid.jms.failover;
ClientProperties.java; org.apache.qpid.configuration;
ExchangeDefaults.java; org.apache.qpid.exchange;
BindingURL.java; org.apache.qpid.url;
QpidRAConnectionFactory.java; org.apache.qpid.ra;
Constants.java; org.apache.qpid.management.common.sasl;
