Constants.java; net.sourceforge.atunes;
ColorDefinitions.java; net.sourceforge.atunes.gui;
FontSingleton.java; net.sourceforge.atunes.gui;
ImageLoader.java; net.sourceforge.atunes.gui.images;
FleaxScrollBarUI.java; net.sourceforge.atunes.gui.swing.fleaxLaF;
FleaxImages.java; net.sourceforge.atunes.gui.swing.fleaxLaF.images;
RendererSingleton.java; net.sourceforge.atunes.gui.views;
NavigationControllerViews.java; net.sourceforge.atunes.kernel.controllers.navigation;
SearchFactory.java; net.sourceforge.atunes.kernel.modules.search;
