PlayListTable.java; net.sourceforge.atunes.gui.views.controls.playList;
ExportOptionsDialog.java; net.sourceforge.atunes.gui.views.dialogs;
FileSelectionDialog.java; net.sourceforge.atunes.gui.views.dialogs;
MultiFolderSelectionDialog.java; net.sourceforge.atunes.gui.views.dialogs;
EqualizerDialog.java; net.sourceforge.atunes.gui.views.dialogs;
EditTagDialog.java; net.sourceforge.atunes.gui.views.dialogs;
RipperProgressDialog.java; net.sourceforge.atunes.gui.views.dialogs;
RipCdDialog.java; net.sourceforge.atunes.gui.views.dialogs;
InternetPanel.java; net.sourceforge.atunes.gui.views.dialogs.editPreferences;
GeneralPanel.java; net.sourceforge.atunes.gui.views.dialogs.editPreferences;
FullScreenDialog.java; net.sourceforge.atunes.gui.views.dialogs.fullScreen;
PlayerControlsPanel.java; net.sourceforge.atunes.gui.views.panels;
EqualizerPanel.java; net.sourceforge.atunes.gui.views.panels;
PlayListControlsPanel.java; net.sourceforge.atunes.gui.views.panels;
NavigationPanel.java; net.sourceforge.atunes.gui.views.panels;
EditPreferencesDialogController.java; net.sourceforge.atunes.kernel.controllers.editPreferencesDialog;
Cdda2wav.java; net.sourceforge.atunes.kernel.modules.cdripper.cdda2wav;
LastFmAlbumsRunnable.java; net.sourceforge.atunes.kernel.modules.contextInformation.lastfm.runnables;
PodcastFeedEntryRetriever.java; net.sourceforge.atunes.kernel.modules.podcast;
ImageInfo.java; net.sourceforge.atunes.kernel.modules.repository.tags.tag.image;
