AbstractPreferencesAction.java; org.jhotdraw.app.action;
AbstractColorSlidersModel.java; org.jhotdraw.color;
AbstractHarmonicRule.java; org.jhotdraw.color;
AbstractRotateHandle.java; org.jhotdraw.draw;
QuadTreeCompositeFigure.java; org.jhotdraw.draw;
AbstractConstrainer.java; org.jhotdraw.draw;
MoveAction.java; org.jhotdraw.draw.action;
AbstractDrawingEditorAction.java; org.jhotdraw.draw.action;
AlignAction.java; org.jhotdraw.draw.action;
MoveConstrainedAction.java; org.jhotdraw.draw.action;
Polygon2D.java; org.jhotdraw.geom;
Insets2D.java; org.jhotdraw.geom;
Worker.java; org.jhotdraw.gui;
AbstractTransferable.java; org.jhotdraw.gui.datatransfer;
AbstractFontChooserModel.java; org.jhotdraw.gui.fontchooser;
MultiIcon.java; org.jhotdraw.gui.plaf.palette;
