Constants.java; net.sourceforge.atunes;
FontSingleton.java; net.sourceforge.atunes.gui;
ImageLoader.java; net.sourceforge.atunes.gui.images;
RendererSingleton.java; net.sourceforge.atunes.gui.views;
NavigationControllerViews.java; net.sourceforge.atunes.kernel.controllers.navigation;
TagReader.java; net.sourceforge.atunes.kernel.modules.repository.tags.reader;
SearchFactory.java; net.sourceforge.atunes.kernel.modules.search;
SystemProperties.java; net.sourceforge.atunes.kernel.utils;
LogCategories.java; net.sourceforge.atunes.utils.log4j;
