TreeCacheView.java; org.jboss.cache;
TreeCache.java; org.jboss.cache;
TreeCacheView2.java; org.jboss.cache;
JDBCCacheLoader.java; org.jboss.cache.loader;
MappingObjectModelFactory.java; org.jboss.xml.binding;
Call.java; org.apache.axis.client;
ServiceDesc.java; org.apache.axis.description;
SOAPElementAxisImpl.java; org.apache.axis.message;
URI.java; org.apache.axis.types;
JavaUtils.java; org.apache.axis.utils;
SchemaUtils.java; org.apache.axis.wsdl.symbolTable;
SymbolTable.java; org.apache.axis.wsdl.symbolTable;
NamingContext.java; org.jnp.interfaces;
JDBCAbstractQueryCommand.java; org.jboss.ejb.plugins.cmp.jdbc;
JDBCStartCommand.java; org.jboss.ejb.plugins.cmp.jdbc;
EJBQLToSQL92Compiler.java; org.jboss.ejb.plugins.cmp.jdbc;
JDBCEJBQLCompiler.java; org.jboss.ejb.plugins.cmp.jdbc;
JDBCCMRFieldBridge.java; org.jboss.ejb.plugins.cmp.jdbc.bridge;
JDBCEntityBridge.java; org.jboss.ejb.plugins.cmp.jdbc.bridge;
JDBCEntityMetaData.java; org.jboss.ejb.plugins.cmp.jdbc.metadata;
JDBCCMRFieldBridge2.java; org.jboss.ejb.plugins.cmp.jdbc2.bridge;
EntityTable.java; org.jboss.ejb.plugins.cmp.jdbc2.schema;
AbstractVerifier.java; org.jboss.verifier.strategy;
EJBVerifier20.java; org.jboss.verifier.strategy;
AbstractWebDeployer.java; org.jboss.web;
