TypeExpressionParserTokenManager.java; org.jboss.aop.pointcut.ast;
TypeExpressionParser.java; org.jboss.aop.pointcut.ast;
PointcutExpressionParserTokenManager.java; org.jboss.aop.pointcut.ast;
PointcutExpressionParser.java; org.jboss.aop.pointcut.ast;
TreeCache.java; org.jboss.cache;
HAILServerIL.java; org.jboss.mq.il.ha;
JmsManagedConnection.java; org.jboss.resource.adapter.jms;
CorbaORBService.java; org.jboss.iiop;
ValueAnalysis.java; org.jboss.iiop.rmi;
IIOPInvoker.java; org.jboss.invocation.iiop;
IORFactory.java; org.jboss.proxy.ejb;
MessagePart.java; org.apache.axis;
Call.java; org.apache.axis.client;
SimpleUUIDGen.java; org.apache.axis.components.uuid;
SOAPFaultBuilder.java; org.apache.axis.message;
RPCElement.java; org.apache.axis.message;
RPCInvocation.java; org.apache.axis.providers.java;
SimpleAxisWorker.java; org.apache.axis.transport.http;
CLArgsParser.java; org.apache.axis.utils;
JavaBeanWriter.java; org.apache.axis.wsdl.toJava;
XMLMetaData.java; org.jboss.mx.metadata;
StandardMetaData.java; org.jboss.mx.metadata;
Connection.java; org.jboss.mq;
SpyConnectionConsumer.java; org.jboss.mq;
SpyMessageConsumer.java; org.jboss.mq;
SpySession.java; org.jboss.mq;
OILClientILService.java; org.jboss.mq.il.oil;
UILServerIL.java; org.jboss.mq.il.uil2;
PersistenceManager.java; org.jboss.mq.pm.jdbc2;
parser.java; org.jboss.mq.selectors;
DestinationManager.java; org.jboss.mq.server.jmx;
Main.java; org.jnp.client;
DatabaseServerLoginModule.java; org.jboss.security.auth.spi;
JCEProviderService.java; org.jboss.security.jce;
SRPLoginModule.java; org.jboss.security.srp.jaas;
Container.java; org.jboss.ejb;
JDBCQueryManager.java; org.jboss.ejb.plugins.cmp.jdbc;
JDBCStartCommand.java; org.jboss.ejb.plugins.cmp.jdbc;
JDBCCMRFieldBridge.java; org.jboss.ejb.plugins.cmp.jdbc.bridge;
JDBCEntityBridge.java; org.jboss.ejb.plugins.cmp.jdbc.bridge;
JDBCCMRFieldBridge2.java; org.jboss.ejb.plugins.cmp.jdbc2.bridge;
EntityTable.java; org.jboss.ejb.plugins.cmp.jdbc2.schema;
JMSContainerInvoker.java; org.jboss.ejb.plugins.jms;
JRMPInvoker.java; org.jboss.invocation.jrmp.server;
ProxyAssembler.java; org.jboss.proxy.compiler;
ProxyCompiler.java; org.jboss.proxy.compiler;
WebServer.java; org.jboss.web;
URLDeploymentScanner.java; org.jboss.deployment.scanner;
HttpURLDeploymentScanner.java; org.jboss.deployment.scanner;
ServerImpl.java; org.jboss.system.server;
TransactionImpl.java; org.jboss.tm;
Scheduler.java; org.jboss.varia.scheduler;
StatisticsCollector.java; org.jboss.varia.stats;
ServiceDescription.java; org.jboss.webservice.deployment;
