PreparedStatement.java; org.apache.derby.client.am;
CrossConverters.java; org.apache.derby.client.am;
ResultSet.java; org.apache.derby.client.am;
Statement.java; org.apache.derby.client.am;
DRDAConnThread.java; org.apache.derby.impl.drda;
SQLTimestamp.java; org.apache.derby.iapi.types;
SQLChar.java; org.apache.derby.iapi.types;
Clock.java; org.apache.derby.impl.services.cache;
BaseMonitor.java; org.apache.derby.impl.services.monitor;
DataDictionaryImpl.java; org.apache.derby.impl.sql.catalog;
ResultColumnList.java; org.apache.derby.impl.sql.compile;
FromBaseTable.java; org.apache.derby.impl.sql.compile;
SubqueryNode.java; org.apache.derby.impl.sql.compile;
OptimizerImpl.java; org.apache.derby.impl.sql.compile;
SelectNode.java; org.apache.derby.impl.sql.compile;
PredicateList.java; org.apache.derby.impl.sql.compile;
RawStore.java; org.apache.derby.impl.store.raw;
BaseDataFileFactory.java; org.apache.derby.impl.store.raw.data;
StoredPage.java; org.apache.derby.impl.store.raw.data;
LogToFile.java; org.apache.derby.impl.store.raw.log;
