Node3.java; org.apache.xerces.dom3;
UserDataHandler.java; org.apache.xerces.dom3;
ASContentModel.java; org.apache.xerces.dom3.as;
NodeEditAS.java; org.apache.xerces.dom3.as;
DOMASException.java; org.apache.xerces.dom3.as;
ASElementDeclaration.java; org.apache.xerces.dom3.as;
ASObject.java; org.apache.xerces.dom3.as;
ASDataType.java; org.apache.xerces.dom3.as;
DOMBuilder.java; org.apache.xerces.dom3.ls;
XMLElementDecl.java; org.apache.xerces.impl.dtd;
XMLNotationDecl.java; org.apache.xerces.impl.dtd;
XMLSimpleType.java; org.apache.xerces.impl.dtd;
XMLEntityDecl.java; org.apache.xerces.impl.dtd;
XMLContentSpec.java; org.apache.xerces.impl.dtd;
XSAtomicSimpleType.java; org.apache.xerces.impl.dv;
ValidatedInfo.java; org.apache.xerces.impl.dv;
XSFacets.java; org.apache.xerces.impl.dv;
XSSimpleType.java; org.apache.xerces.impl.dv;
TypeValidator.java; org.apache.xerces.impl.dv.xs;
XSNotationDecl.java; org.apache.xerces.impl.xs;
SchemaSymbols.java; org.apache.xerces.impl.xs;
XSAttributeUse.java; org.apache.xerces.impl.xs;
XSAttributeChecker.java; org.apache.xerces.impl.xs.traversers;
XMLChar.java; org.apache.xerces.util;
XMLDTDContentModelHandler.java; org.apache.xerces.xni;
QName.java; org.apache.xerces.xni;
ItemPSVI.java; org.apache.xerces.xni.psvi;
Method.java; org.apache.xml.serialize;
ElementState.java; org.apache.xml.serialize;
LineSeparator.java; org.apache.xml.serialize;
Node.java; org.w3c.dom;
DOMException.java; org.w3c.dom;
Range.java; org.w3c.dom.ranges;
NodeFilter.java; org.w3c.dom.traversal;
