SimpleViewFrame.java; com.fleax.atunes.gui;
PlayListTable.java; com.fleax.atunes.gui.views.controls;
FastAddDialog.java; com.fleax.atunes.gui.views.dialogs;
ExportOptionsDialog.java; com.fleax.atunes.gui.views.dialogs;
FullViewMenuBar.java; com.fleax.atunes.gui.views.menu;
NavigationPanel.java; com.fleax.atunes.gui.views.panels;
FilePropertiesController.java; com.fleax.atunes.kernel.controllers;
FullViewMenuController.java; com.fleax.atunes.kernel.controllers;
SystemTrayHandler.java; com.fleax.atunes.kernel.handlers;
