BDBStoreUpgrade.java; org.apache.qpid.server.store.berkeleydb;
QpidCompositeRollingAppender.java; org.apache.log4j;
JMXManagedObjectRegistry.java; org.apache.qpid.server.management;
SimpleAMQQueue.java; org.apache.qpid.server.queue;
Base64MD5PasswordFilePrincipalDatabase.java; org.apache.qpid.server.security.auth.database;
PlainPasswordFilePrincipalDatabase.java; org.apache.qpid.server.security.auth.database;
Client.java; org.apache.qpid.example.simple.reqresp;
FailoverHandler.java; org.apache.qpid.client.failover;
