AbstractServerImpl.java; org.jboss.bootstrap;
JmsManagedConnection.java; org.jboss.resource.adapter.jms;
IORFactory.java; org.jboss.ejb3.iiop;
CorbaORBService.java; org.jboss.iiop;
ValueAnalysis.java; org.jboss.iiop.rmi;
IIOPInvoker.java; org.jboss.invocation.iiop;
SpySession.java; org.jboss.mq;
SpyMessageConsumer.java; org.jboss.mq;
SpyConnectionConsumer.java; org.jboss.mq;
UILServerIL.java; org.jboss.mq.il.uil2;
PersistenceManager.java; org.jboss.mq.pm.jdbc2;
DestinationManager.java; org.jboss.mq.server.jmx;
StandardMetaData.java; org.jboss.mx.metadata;
XMLMetaData.java; org.jboss.mx.metadata;
MXBeanMetaData.java; org.jboss.mx.mxbean;
Main.java; org.jnp.client;
JCEProviderService.java; org.jboss.security.jce;
EjbModule.java; org.jboss.ejb;
Container.java; org.jboss.ejb;
JDBCStartCommand.java; org.jboss.ejb.plugins.cmp.jdbc;
JDBCQueryManager.java; org.jboss.ejb.plugins.cmp.jdbc;
JDBCCMRFieldBridge.java; org.jboss.ejb.plugins.cmp.jdbc.bridge;
JDBCEntityBridge.java; org.jboss.ejb.plugins.cmp.jdbc.bridge;
JDBCCMRFieldBridge2.java; org.jboss.ejb.plugins.cmp.jdbc2.bridge;
EntityTable.java; org.jboss.ejb.plugins.cmp.jdbc2.schema;
JRMPInvoker.java; org.jboss.invocation.jrmp.server;
ProxyAssembler.java; org.jboss.proxy.compiler;
ProxyCompiler.java; org.jboss.proxy.compiler;
ProxyFactory.java; org.jboss.proxy.ejb;
WebServer.java; org.jboss.web;
VFSDeploymentScannerImpl.java; org.jboss.deployers.plugins.scanner;
TomcatDeployer.java; org.jboss.web.tomcat.service.deployers;
JBossCacheManager.java; org.jboss.web.tomcat.service.session;
SRPLoginModule.java; org.jboss.security.srp.jaas;
StatisticsCollector.java; org.jboss.varia.stats;
