Parser.java; org.hsqldb;
DatabaseInformationMain.java; org.hsqldb;
DatabaseInformationFull.java; org.hsqldb;
Tokenizer.java; org.hsqldb;
Table.java; org.hsqldb;
Select.java; org.hsqldb;
DatabaseCommandInterpreter.java; org.hsqldb;
DITypeInfo.java; org.hsqldb;
Expression.java; org.hsqldb;
jdbcStatement.java; org.hsqldb.jdbc;
ZaurusEditor.java; org.hsqldb.util;
ZaurusTableForm.java; org.hsqldb.util;
DatabaseManagerSwing.java; org.hsqldb.util;
DatabaseManager.java; org.hsqldb.util;
Transfer.java; org.hsqldb.util;
TransferTable.java; org.hsqldb.util;
ConnectionDialog.java; org.hsqldb.util;
ConnectionDialogSwing.java; org.hsqldb.util;
