DOMException.java; dom3.org.w3c;
UserDataHandler.java; dom3.org.w3c;
Node.java; dom3.org.w3c;
DOMLocatorImpl.java; org.apache.xerces.dom;
DOMErrorImpl.java; org.apache.xerces.dom;
DOMASException.java; org.apache.xerces.dom3.as;
ASElementDeclaration.java; org.apache.xerces.dom3.as;
ASDataType.java; org.apache.xerces.dom3.as;
ASObject.java; org.apache.xerces.dom3.as;
ASContentModel.java; org.apache.xerces.dom3.as;
NodeEditAS.java; org.apache.xerces.dom3.as;
XMLContentSpec.java; org.apache.xerces.impl.dtd;
XMLNotationDecl.java; org.apache.xerces.impl.dtd;
XMLElementDecl.java; org.apache.xerces.impl.dtd;
XMLSimpleType.java; org.apache.xerces.impl.dtd;
XMLEntityDecl.java; org.apache.xerces.impl.dtd;
XSSimpleType.java; org.apache.xerces.impl.dv;
XSFacets.java; org.apache.xerces.impl.dv;
ValidatedInfo.java; org.apache.xerces.impl.dv;
TypeValidator.java; org.apache.xerces.impl.dv.xs;
SchemaSymbols.java; org.apache.xerces.impl.xs;
XSNotationDecl.java; org.apache.xerces.impl.xs;
XSAttributeUseImpl.java; org.apache.xerces.impl.xs;
XSSimpleTypeDefinition.java; org.apache.xerces.impl.xs.psvi;
XSComplexTypeDefinition.java; org.apache.xerces.impl.xs.psvi;
XSWildcard.java; org.apache.xerces.impl.xs.psvi;
XSConstants.java; org.apache.xerces.impl.xs.psvi;
XSAttributeChecker.java; org.apache.xerces.impl.xs.traversers;
XMLSymbols.java; org.apache.xerces.util;
XML11Char.java; org.apache.xerces.util;
XMLDTDContentModelHandler.java; org.apache.xerces.xni;
QName.java; org.apache.xerces.xni;
XMLSchemaDescription.java; org.apache.xerces.xni.grammars;
ItemPSVI.java; org.apache.xerces.xni.psvi;
ElementState.java; org.apache.xml.serialize;
LineSeparator.java; org.apache.xml.serialize;
Method.java; org.apache.xml.serialize;
DOMBuilderFilter.java; org.w3c.dom.ls;
DOMBuilder.java; org.w3c.dom.ls;
Range.java; org.w3c.dom.ranges;
NodeFilter.java; org.w3c.dom.traversal;
XPathResult.java; org.w3c.dom.xpath;
