Watchdog.java; org.jbossmx.cluster.watchdog.mbean;
Watchdog2.java; org.jbossmx.cluster.watchdog.mbean.watchdog;
CorbaORBService.java; org.jboss.iiop;
ValueAnalysis.java; org.jboss.iiop.rmi;
IORFactory.java; org.jboss.proxy.ejb;
HttpConnection.java; org.mortbay.http;
HttpContext.java; org.mortbay.http;
HttpRequest.java; org.mortbay.http;
AJP13Connection.java; org.mortbay.http.ajp;
WebApplicationContext.java; org.mortbay.jetty.servlet;
LineInput.java; org.mortbay.util;
QuotedStringTokenizer.java; org.mortbay.util;
StandardMetaData.java; org.jboss.mx.metadata;
XMLMetaData.java; org.jboss.mx.metadata;
Connection.java; org.jboss.mq;
SpyMessageConsumer.java; org.jboss.mq;
HTTPClientILService.java; org.jboss.mq.il.http;
OILClientILService.java; org.jboss.mq.il.oil;
UILClientILService.java; org.jboss.mq.il.uil;
UILServerILService.java; org.jboss.mq.il.uil;
PersistenceManager.java; org.jboss.mq.pm.jdbc2;
parser.java; org.jboss.mq.selectors;
DestinationManager.java; org.jboss.mq.server.jmx;
Main.java; org.jnp.client;
LoginContext.java; javax.security.auth.login;
SRPLoginModule.java; org.jboss.security.srp.jaas;
Container.java; org.jboss.ejb;
JDBCQueryManager.java; org.jboss.ejb.plugins.cmp.jdbc;
JMSContainerInvoker.java; org.jboss.ejb.plugins.jms;
ProxyAssembler.java; org.jboss.proxy.compiler;
ProxyCompiler.java; org.jboss.proxy.compiler;
WebServer.java; org.jboss.web;
HttpURLDeploymentScanner.java; org.jboss.deployment.scanner;
URLDeploymentScanner.java; org.jboss.deployment.scanner;
TransactionImpl.java; org.jboss.tm;
Scheduler.java; org.jboss.varia.scheduler;
