QMFMethod.java; org.apache.qpid.qmf;
QMFEventClass.java; org.apache.qpid.qmf;
QMFObject.java; org.apache.qpid.qmf;
QMFEventCommand.java; org.apache.qpid.qmf;
QMFObjectClass.java; org.apache.qpid.qmf;
ConfigObjectType.java; org.apache.qpid.server.configuration;
AbstractExchangeMBean.java; org.apache.qpid.server.exchange;
ComparisonExpression.java; org.apache.qpid.server.filter;
ArithmeticExpression.java; org.apache.qpid.server.filter;
LogicExpression.java; org.apache.qpid.server.filter;
UnaryExpression.java; org.apache.qpid.server.filter;
DefaultManagedObject.java; org.apache.qpid.server.management;
MessageReference.java; org.apache.qpid.server.message;
ApplicationRegistry.java; org.apache.qpid.server.registry;
AbstractMessageStore.java; org.apache.qpid.server.store;
SubscriptionImpl.java; org.apache.qpid.server.subscription;
HouseKeepingTask.java; org.apache.qpid.server.virtualhost;
VirtualHostHouseKeepingPlugin.java; org.apache.qpid.server.virtualhost.plugins;
BasicMessageConsumer.java; org.apache.qpid.client;
AMQSession.java; org.apache.qpid.client;
AMQAnyDestination.java; org.apache.qpid.client;
DispatcherCallback.java; org.apache.qpid.client;
Node.java; org.apache.qpid.client.messaging.address;
AMQMethodBodyImpl.java; org.apache.qpid.framing;
DeferredDataBlock.java; org.apache.qpid.framing;
AMQMethodBody_0_9.java; org.apache.qpid.framing.amqp_0_9;
AMQMethodBody_0_91.java; org.apache.qpid.framing.amqp_0_91;
AMQMethodBody_8_0.java; org.apache.qpid.framing.amqp_8_0;
Method.java; org.apache.qpid.transport;
Struct.java; org.apache.qpid.transport;
Field.java; org.apache.qpid.transport;
ConnectionBinding.java; org.apache.qpid.transport.network;
QMFTypeBinding.java; org.apache.qpid.agent.binding;
Names.java; org.apache.qpid.management;
SchemaRequestMessage.java; org.apache.qpid.management.messages;
MethodInvocationRequestMessage.java; org.apache.qpid.management.messages;
MBeanCapability.java; org.apache.qpid.management.wsdm.capabilities;
