Session.java; org.apache.wicket;
RequestCycle.java; org.apache.wicket;
MarkupParser.java; org.apache.wicket.markup;
DynamicWebResource.java; org.apache.wicket.markup.html;
XmlPullParser.java; org.apache.wicket.markup.parser;
HtmlHandler.java; org.apache.wicket.markup.parser.filter;
ClientProperties.java; org.apache.wicket.protocol.http;
WicketResponseState.java; org.apache.wicket.protocol.http.portlet;
WebClientInfo.java; org.apache.wicket.protocol.http.request;
ServletWebRequest.java; org.apache.wicket.protocol.http.servlet;
DynamicByteArrayResource.java; org.apache.wicket.resource;
