configure; AnalysisModule.java; org.elasticsearch.index.analysis; 173;
parse; TextQueryParser.java; org.elasticsearch.index.search; 232;
toXContent; IndicesStatusResponse.java; org.elasticsearch.action.admin.indices.status; 168;
hbMakeCodeLengths; CBZip2OutputStream.java; org.elasticsearch.common.compress.bzip2; 160;
serializeValue; ObjectMapper.java; org.elasticsearch.index.mapper.object; 170;
doSnapshot; BlobStoreIndexShardGateway.java; org.elasticsearch.index.gateway.blobstore; 190;
mainSimpleSort; CBZip2OutputStream.java; org.elasticsearch.common.compress.bzip2; 197;
getAndMoveToFrontDecode; CBZip2InputStream.java; org.elasticsearch.common.compress.bzip2; 185;
handleRequest; RestClusterStateAction.java; org.elasticsearch.rest.action.admin.cluster.state; 241;
main; StringMapAdjustOrPutBenchmark.java; org.elasticsearch.benchmark.trove; 198;
AnalysisService; AnalysisService.java; org.elasticsearch.index.analysis; 179;
parse; GeoDistanceRangeFilterParser.java; org.elasticsearch.index.query; 174;
allocateUnassigned; BlobReuseExistingNodeAllocation.java; org.elasticsearch.gateway.blobstore; 164;
downloadAndExtract; PluginManager.java; org.elasticsearch.plugins; 161;
main; HistogramFacetSearchBenchmark.java; org.elasticsearch.benchmark.search.facet; 183;
mainSort; CBZip2OutputStream.java; org.elasticsearch.common.compress.bzip2; 164;
decode; MemcachedDecoder.java; org.elasticsearch.memcached.netty; 170;
allocateUnassigned; LocalGatewayNodeAllocation.java; org.elasticsearch.gateway.local; 244;
TwitterRiver; TwitterRiver.java; org.elasticsearch.river.twitter; 155;
load; TransportGetAction.java; org.elasticsearch.action.get; 195;
createIndex; MetaDataCreateIndexService.java; org.elasticsearch.cluster.metadata; 210;
recover; RecoverySource.java; org.elasticsearch.index.shard.recovery; 178;
