BaseProcessingContext.java; org.apache.manifoldcf.crawler.connectors.wiki;
SingleLevelContext.java; org.apache.manifoldcf.crawler.connectors.wiki;
BaseOutputConnector.java; org.apache.manifoldcf.agents.output;
BaseDescription.java; org.apache.manifoldcf.core.cachemanager;
ExecutorBase.java; org.apache.manifoldcf.core.cachemanager;
BaseConnector.java; org.apache.manifoldcf.core.connector;
BinaryInput.java; org.apache.manifoldcf.core.interfaces;
CharacterInput.java; org.apache.manifoldcf.core.interfaces;
