saveHTML; MindMapHTMLWriter.java; freemind.modes.mindmapmode; 152;
scanElement; XMLElement.java; freemind.main; 173;
startupMapHook; TimeList.java; accessories.plugins.time; 219;
edit; EditAction.java; freemind.modes.mindmapmode.actions; 163;
executeScript; ScriptingEngine.java; plugins.script; 198;
processKeyEvent; KeyEventWorkaround.java; freemind.preferences.layout; 221;
show; EditNodeTextField.java; freemind.view.mindmapview; 205;
save; NodeAdapter.java; freemind.modes; 152;
drop; MindMapNodeDropListener.java; freemind.modes.mindmapmode.listeners; 161;
FilterComposerDialog; FilterComposerDialog.java; freemind.controller.filter; 153;
writeJavaScript; MindMapHTMLWriter.java; freemind.modes.mindmapmode; 189;
setScreenBounds; FreeMind.java; freemind.main; 183;
AssignAttributeDialog; AssignAttributeDialog.java; freemind.modes.mindmapmode.attributeactors; 153;
