PlayListTable.java; net.sourceforge.atunes.gui.views.controls.playList;
RipperProgressDialog.java; net.sourceforge.atunes.gui.views.dialogs;
RipCdDialog.java; net.sourceforge.atunes.gui.views.dialogs;
MultiFolderSelectionDialog.java; net.sourceforge.atunes.gui.views.dialogs;
FileSelectionDialog.java; net.sourceforge.atunes.gui.views.dialogs;
EditTagDialog.java; net.sourceforge.atunes.gui.views.dialogs;
EqualizerDialog.java; net.sourceforge.atunes.gui.views.dialogs;
ContextPanel.java; net.sourceforge.atunes.gui.views.dialogs.editPreferences;
GeneralPanel.java; net.sourceforge.atunes.gui.views.dialogs.editPreferences;
InternetPanel.java; net.sourceforge.atunes.gui.views.dialogs.editPreferences;
ImportExportPanel.java; net.sourceforge.atunes.gui.views.dialogs.editPreferences;
PlayerPanel.java; net.sourceforge.atunes.gui.views.dialogs.editPreferences;
FullScreenWindow.java; net.sourceforge.atunes.gui.views.dialogs.fullScreen;
PlayListControlsPanel.java; net.sourceforge.atunes.gui.views.panels;
EqualizerPanel.java; net.sourceforge.atunes.gui.views.panels;
NavigationPanel.java; net.sourceforge.atunes.gui.views.panels;
Cdda2wav.java; net.sourceforge.atunes.kernel.modules.cdripper.cdda2wav;
LastFmAlbumsRunnable.java; net.sourceforge.atunes.kernel.modules.context.lastfm.runnables;
PodcastFeedEntryRetriever.java; net.sourceforge.atunes.kernel.modules.podcast;
TagAttributesReviewed.java; net.sourceforge.atunes.kernel.modules.repository;
ImageInfo.java; net.sourceforge.atunes.kernel.modules.repository.tags.tag;
