AutoSavingCache.java; org.apache.cassandra.cache;
SimpleAbstractColumnIterator.java; org.apache.cassandra.db.columniterator;
AbstractCommitLogExecutorService.java; org.apache.cassandra.db.commitlog;
AbstractColumnIterator.java; org.apache.cassandra.db.filter;
AbstractType.java; org.apache.cassandra.db.marshal;
AbstractCommutativeType.java; org.apache.cassandra.db.marshal;
Token.java; org.apache.cassandra.dht;
ReducingIterator.java; org.apache.cassandra.utils;
WrappedRunnable.java; org.apache.cassandra.utils;
