GenerateKey.java; org.apache.tools.ant.taskdefs;
DependSet.java; org.apache.tools.ant.taskdefs;
Get.java; org.apache.tools.ant.taskdefs;
Checksum.java; org.apache.tools.ant.taskdefs;
Delete.java; org.apache.tools.ant.taskdefs;
SQLExec.java; org.apache.tools.ant.taskdefs;
Tar.java; org.apache.tools.ant.taskdefs;
PathConvert.java; org.apache.tools.ant.taskdefs;
Zip.java; org.apache.tools.ant.taskdefs;
Javadoc.java; org.apache.tools.ant.taskdefs;
EmailTask.java; org.apache.tools.ant.taskdefs.email;
NetRexxC.java; org.apache.tools.ant.taskdefs.optional;
Cab.java; org.apache.tools.ant.taskdefs.optional;
IContract.java; org.apache.tools.ant.taskdefs.optional;
Depend.java; org.apache.tools.ant.taskdefs.optional.depend;
Translate.java; org.apache.tools.ant.taskdefs.optional.i18n;
Pvcs.java; org.apache.tools.ant.taskdefs.optional.pvcs;
SplashTask.java; org.apache.tools.ant.taskdefs.optional.splash;
CBZip2InputStream.java; org.apache.tools.bzip2;
CBZip2OutputStream.java; org.apache.tools.bzip2;
