HiveMetaDataResultSet.java; org.apache.hadoop.hive.jdbc;
MetaStoreEventListener.java; org.apache.hadoop.hive.metastore;
AbstractMapJoinOperator.java; org.apache.hadoop.hive.ql.exec;
TerminalOperator.java; org.apache.hadoop.hive.ql.exec;
CommonJoinOperator.java; org.apache.hadoop.hive.ql.exec;
Task.java; org.apache.hadoop.hive.ql.exec;
Operator.java; org.apache.hadoop.hive.ql.exec;
KeyWrapper.java; org.apache.hadoop.hive.ql.exec;
AbstractRowContainer.java; org.apache.hadoop.hive.ql.exec.persistence;
AbstractIndexHandler.java; org.apache.hadoop.hive.ql.index;
HiveContextAwareRecordReader.java; org.apache.hadoop.hive.ql.io;
HiveLock.java; org.apache.hadoop.hive.ql.lockmgr;
AbstractSemanticAnalyzerHook.java; org.apache.hadoop.hive.ql.parse;
HiveAuthorizationProviderBase.java; org.apache.hadoop.hive.ql.security.authorization;
UDFBaseCompare.java; org.apache.hadoop.hive.ql.udf;
GenericUDAFEvaluator.java; org.apache.hadoop.hive.ql.udf.generic;
TypedSerDe.java; org.apache.hadoop.hive.serde2;
ByteStreamTypedSerDe.java; org.apache.hadoop.hive.serde2;
LazyPrimitive.java; org.apache.hadoop.hive.serde2.lazy;
LazyNonPrimitive.java; org.apache.hadoop.hive.serde2.lazy;
LazyObject.java; org.apache.hadoop.hive.serde2.lazy;
AbstractPrimitiveLazyObjectInspector.java; org.apache.hadoop.hive.serde2.lazy.objectinspector.primitive;
LazyBinaryObject.java; org.apache.hadoop.hive.serde2.lazybinary;
LazyBinaryNonPrimitive.java; org.apache.hadoop.hive.serde2.lazybinary;
LazyBinaryPrimitive.java; org.apache.hadoop.hive.serde2.lazybinary;
ShimLoader.java; org.apache.hadoop.hive.shims;
